paper_id,doi,title,year,venue,pdf_path,status,queued_at,processed_at,reason,source,resolved_pdf_path,n_tables,n_claims,error,article_type_classifier_version,article_type_confidence,article_type_diagnostics,article_type_family,article_type_margin,article_type_needs_review,article_type_predicted_family,article_type_runner_up,article_type_signals,preprocess_cache_path,preprocess_checked_at,preprocess_cid_density,preprocess_cid_hits,preprocess_error,preprocess_nonempty_pages,preprocess_page_count,preprocess_status,preprocess_text_chars,preprocess_warning_flags,prior_n_claims,prior_n_tables,prior_status,retry_error,retry_status
doi:10.1002/cne.920180503,10.1002/cne.920180503,The relation of strength of stimulus to rapidity of habit‐formation,1908,Journal of Comparative Neurology and Psychology,/Users/davidusa/REPOS/Article_Finder_v3_2_3/data/pdfs/10.1002_cne.920180503.pdf,completed_pdf_extracted,2026-02-16T18:00:14.639045+00:00,2026-02-16T18:06:33.970206+00:00,table_remake_required,backfill_pdf_completion_queue,/Users/davidusa/REPOS/Article_Finder_v3_2_3/data/pdfs/10.1002_cne.920180503.pdf,26,227,,paper_classifier_v2,0.0,downgraded_to_unknown_low_confidence,unknown,0.0,True,unknown,theoretical,,data/production/pdf_preprocess_cache/doi:10.1002/cne.920180503.json,2026-02-16T13:53:53.497752+00:00,0.00000000,0,,24,24,ready,48154,,,,,,
doi:10.1002/hbm.24616,10.1002/hbm.24616,The neural correlates of the awe experience: Reduced default mode network activity during feelings of awe,2019,,/Users/davidusa/REPOS/Article_Finder_v3_2_3/data/pdfs/10.1002_hbm.24616.pdf,completed_pdf_extracted,2026-02-16T18:00:14.639045+00:00,2026-02-16T18:06:33.970206+00:00,table_remake_required,run_realtime_table_rule_intake,/Users/davidusa/REPOS/Article_Finder_v3_2_3/data/pdfs/10.1002_hbm.24616.pdf,3,3,,paper_classifier_v2,0.4545,downgraded_to_unknown_low_confidence,unknown,0.5,True,thought_piece,empirical_v2,title_pattern:perspective,,,,,,,,,,,,,,,
doi:10.1002/joc.2120,10.1002/joc.2120,Effect of thermal adaptation on seasonal outdoor thermal comfort,2011,,/Users/davidusa/REPOS/Article_Finder_v3_2_3/data/pdfs/10.1002_joc.2120.pdf,completed_pdf_extracted,2026-02-16T18:00:14.639045+00:00,2026-02-16T18:06:41.321389+00:00,table_remake_required,run_realtime_table_rule_intake,/Users/davidusa/REPOS/Article_Finder_v3_2_3/data/pdfs/10.1002_joc.2120.pdf,9,13,,paper_classifier_v2,0.5455,downgraded_to_unknown_low_confidence,unknown,1.5,True,empirical_v2,observational_field,section:results,,,,,,,,,,,,,,,
doi:10.1006/jevp.1996.0015,10.1006/jevp.1996.0015,METHODOLOGICAL CONVERGENCE IN COGNITIVE MAPPING RESEARCH: INVESTIGATING CONFIGURATIONAL KNOWLEDGE,1996,,/Users/davidusa/REPOS/Article_Finder_v3_2_3/data/pdfs/10.1006_jevp.1996.0015.pdf,completed_pdf_extracted,2026-02-16T18:00:14.639045+00:00,2026-02-16T18:06:41.321389+00:00,table_remake_required,backfill_pdf_completion_queue,/Users/davidusa/REPOS/Article_Finder_v3_2_3/data/pdfs/10.1006_jevp.1996.0015.pdf,11,16,,paper_classifier_v2,0.0,downgraded_to_unknown_low_confidence,unknown,0.0,True,unknown,theoretical,,data/production/pdf_preprocess_cache/doi:10.1006/jevp.1996.0015.json,2026-02-16T13:53:53.497752+00:00,0.00022687,19,,23,23,ready,83749,,,,,,
doi:10.1006/jevp.1996.0032,10.1006/jevp.1996.0032,"BOOK REVIEWS - The Trouble with Computers: Usefulness, Usability and Productivity",1996,,/Users/davidusa/REPOS/Article_Finder_v3_2_3/data/pdfs/10.1006_jevp.1996.0032.pdf,completed_pdf_extracted,2026-02-16T18:00:14.639045+00:00,2026-02-16T18:06:52.728279+00:00,table_remake_required,backfill_pdf_completion_queue,/Users/davidusa/REPOS/Article_Finder_v3_2_3/data/pdfs/10.1006_jevp.1996.0032.pdf,5,4,,paper_classifier_v2,0.8545,,narrative_review,2.2,False,narrative_review,theoretical,title_pattern:(?<!systematic\s)review(?!\s+of\s+the\s+literature),data/production/pdf_preprocess_cache/doi:10.1006/jevp.1996.0032.json,2026-02-16T13:53:53.497752+00:00,0.00000000,0,,25,25,ready,81355,,,,,,
doi:10.1006/jevp.1999.0169,10.1006/jevp.1999.0169,"EXERCISED CONTROL, LIGHTING CHOICES, AND ENERGY USE: AN OFFICE SIMULATION EXPERIMENT",2000,Journal of Environmental Psychology,/Users/davidusa/REPOS/Article_Finder_v3_2_3/data/pdfs/10.1006_jevp.1999.0169.pdf,completed_pdf_extracted,2026-02-16T18:00:14.639045+00:00,2026-02-16T18:06:52.728279+00:00,table_remake_required,backfill_pdf_completion_queue,/Users/davidusa/REPOS/Article_Finder_v3_2_3/data/pdfs/10.1006_jevp.1999.0169.pdf,12,137,,paper_classifier_v2,0.0,downgraded_to_unknown_low_confidence,unknown,0.0,True,unknown,theoretical,,data/production/pdf_preprocess_cache/doi:10.1006/jevp.1999.0169.json,2026-02-16T13:53:53.497752+00:00,0.00000000,0,,25,25,ready,73588,,,,,,
doi:10.1006/jsvi.2001.4166,10.1006/jsvi.2001.4166,AFFECTIVE EVALUATIONS OF AND REACTIONS TO EXTERIOR AND INTERIOR VEHICLE AUDITORY QUALITY,2002,,/Users/davidusa/REPOS/Article_Finder_v3_2_3/data/pdfs/10.1006_jsvi.2001.4166.pdf,completed_pdf_extracted,2026-02-16T18:00:14.639045+00:00,2026-02-16T18:07:25.559640+00:00,table_remake_required,backfill_pdf_completion_queue,/Users/davidusa/REPOS/Article_Finder_v3_2_3/data/pdfs/10.1006_jsvi.2001.4166.pdf,1,8,,paper_classifier_v2,0.0,downgraded_to_unknown_low_confidence,unknown,0.0,True,unknown,theoretical,,data/production/pdf_preprocess_cache/doi:10.1006/jsvi.2001.4166.json,2026-02-16T13:53:53.497752+00:00,0.00119876,56,,18,18,ready,46715,,,,,,
doi:10.1007/11853565_19,10.1007/11853565_19,Instrumenting the City: Developing Methods for Observing and Understanding the Digital Cityscape,2006,,/Users/davidusa/REPOS/Article_Finder_v3_2_3/data/pdfs/10.1007_11853565_19.pdf,completed_pdf_extracted,2026-02-16T18:00:14.639045+00:00,2026-02-16T18:07:25.559640+00:00,table_remake_required,run_realtime_table_rule_intake,/Users/davidusa/REPOS/Article_Finder_v3_2_3/data/pdfs/10.1007_11853565_19.pdf,4,972,,paper_classifier_v2,0.5455,downgraded_to_unknown_low_confidence,unknown,1.5,True,empirical_v2,observational_field,section:results,data/production/pdf_preprocess_cache/doi:10.1007/11853565_19.json,2026-02-14T10:17:37.772176+00:00,0.00000000,0,,25,25,ready,39190,,949,5,completed_pdf_extracted,timeout_after_75s,error_pdf_timeout
doi:10.1007/3-540-48384-5_25,10.1007/3-540-48384-5_25,A Formal Model of the Process of Wayfinding in Built Environments,1999,,/Users/davidusa/REPOS/Article_Finder_v3_2_3/data/pdfs/10.1007_3-540-48384-5_25.pdf,completed_pdf_extracted,2026-02-16T18:00:14.639045+00:00,2026-02-16T18:07:35.815903+00:00,table_remake_required,run_realtime_table_rule_intake,/Users/davidusa/REPOS/Article_Finder_v3_2_3/data/pdfs/10.1007_3-540-48384-5_25.pdf,4,136,,paper_classifier_v2,0.5455,downgraded_to_unknown_low_confidence,unknown,1.5,True,empirical_v2,observational_field,section:results,,,,,,,,,,,97,0,completed_pdf_extracted,timeout_after_75s,error_pdf_timeout
doi:10.1007/978-3-031-41148-9_12,10.1007/978-3-031-41148-9_12,Emotional Response to Different Lighting Conditions,2024,,/Users/davidusa/REPOS/Article_Finder_v3_2_3/data/pdfs/10.1007_978-3-031-41148-9_12.pdf,completed_pdf_extracted,2026-02-16T18:00:14.639045+00:00,2026-02-16T18:07:35.815903+00:00,table_remake_required,run_realtime_table_rule_intake,/Users/davidusa/REPOS/Article_Finder_v3_2_3/data/pdfs/10.1007_978-3-031-41148-9_12.pdf,5,92,,paper_classifier_v2,0.2182,downgraded_to_unknown_low_confidence,unknown,0.2,True,empirical_v2,observational_field,default_empirical_from_structural_core,,,,,,,,,,,,,,,
doi:10.1007/978-3-031-64699-7_9,10.1007/978-3-031-64699-7_9,The Built Environment and the Brain: Review of Emerging Methods to Investigate the Impact of Viewing Architectural Design,2024,,/Users/davidusa/REPOS/Article_Finder_v3_2_3/data/pdfs/10.1007_978-3-031-64699-7_9.pdf,completed_pdf_extracted,2026-02-16T18:00:14.639045+00:00,2026-02-16T18:08:27.417779+00:00,table_remake_required,run_realtime_table_rule_intake,/Users/davidusa/REPOS/Article_Finder_v3_2_3/data/pdfs/10.1007_978-3-031-64699-7_9.pdf,1,214,,paper_classifier_v2,1.0,,narrative_review,3.2,False,narrative_review,empirical_v2,title_pattern:(?<!systematic\s)review(?!\s+of\s+the\s+literature)|review_hits:review of,,,,,,,,,,,,,,,
doi:10.1007/978-3-319-45430-6,10.1007/978-3-319-45430-6,Maritime Psychology,2017,,/Users/davidusa/REPOS/Article_Finder_v3_2_3/data/pdfs/10.1007_978-3-319-45430-6.pdf,completed_pdf_extracted,2026-02-16T18:00:14.639045+00:00,2026-02-16T18:08:27.417779+00:00,table_remake_required,backfill_pdf_completion_queue,/Users/davidusa/REPOS/Article_Finder_v3_2_3/data/pdfs/10.1007_978-3-319-45430-6.pdf,16,1136,,paper_classifier_v2,0.0,downgraded_to_unknown_low_confidence,unknown,0.0,True,unknown,theoretical,,data/production/pdf_preprocess_cache/doi:10.1007/978-3-319-45430-6.json,2026-02-16T13:53:53.497752+00:00,0.00000000,0,,25,25,ready,55317,,,,,,
doi:10.1007/978-981-99-4638-9_27-1,10.1007/978-981-99-4638-9_27-1,Sound Insulation: Key Concepts and Technologies,2024,,/Users/davidusa/REPOS/Article_Finder_v3_2_3/data/pdfs/10.1007_978-981-99-4638-9_27-1.pdf,completed_pdf_extracted,2026-02-16T18:00:14.639045+00:00,2026-02-16T18:08:49.866543+00:00,table_remake_required,run_realtime_table_rule_intake,/Users/davidusa/REPOS/Article_Finder_v3_2_3/data/pdfs/10.1007_978-981-99-4638-9_27-1.pdf,8,351,,paper_classifier_v2,0.8364,,narrative_review,1.4,False,narrative_review,empirical_v2,title_pattern:(?<!systematic\s)review(?!\s+of\s+the\s+literature)|review_hits:review of,,,,,,,,,,,,,,,
doi:10.1007/s00226-021-01320-7,10.1007/s00226-021-01320-7,Effect of the degree of wood use on the visual psychological response of wooden indoor spaces,2021,,/Users/davidusa/REPOS/Article_Finder_v3_2_3/data/pdfs/10.1007_s00226-021-01320-7.pdf,completed_pdf_extracted,2026-02-16T18:00:14.639045+00:00,2026-02-16T18:08:49.866543+00:00,table_remake_required,run_realtime_table_rule_intake,/Users/davidusa/REPOS/Article_Finder_v3_2_3/data/pdfs/10.1007_s00226-021-01320-7.pdf,23,196,,paper_classifier_v2,0.5455,downgraded_to_unknown_low_confidence,unknown,1.5,True,empirical_v2,observational_field,section:results,,,,,,,,,,,110,5,completed_pdf_extracted,timeout_after_75s,error_pdf_timeout
doi:10.1007/s00265-018-2602-7,10.1007/s00265-018-2602-7,The role of habitat configuration in shaping social structure: a gap in studies of animal social complexity,2019,Behavioral Ecology and Sociobiology,/Users/davidusa/REPOS/Article_Finder_v3_2_3/data/pdfs/10.1007_s00265-018-2602-7.pdf,completed_pdf_extracted,2026-02-16T18:00:14.639045+00:00,2026-02-16T18:09:08.185357+00:00,table_remake_required,backfill_pdf_completion_queue,/Users/davidusa/REPOS/Article_Finder_v3_2_3/data/pdfs/10.1007_s00265-018-2602-7.pdf,6,78,,paper_classifier_v2,0.2182,downgraded_to_unknown_low_confidence,unknown,0.2,True,empirical_v2,observational_field,default_empirical_from_structural_core,data/production/pdf_preprocess_cache/doi:10.1007/s00265-018-2602-7.json,2026-02-16T13:53:53.497752+00:00,0.00000000,0,,10,10,ready,42564,,,,,,
doi:10.1007/s00426-018-1015-6,10.1007/s00426-018-1015-6,Putting emotions in routes: the influence of emotionally laden landmarks on spatial memory,2019,,/Users/davidusa/REPOS/Article_Finder_v3_2_3/data/pdfs/10.1007_s00426-018-1015-6.pdf,completed_pdf_extracted,2026-02-16T18:00:14.639045+00:00,2026-02-16T18:09:08.185357+00:00,table_remake_required,run_realtime_table_rule_intake,/Users/davidusa/REPOS/Article_Finder_v3_2_3/data/pdfs/10.1007_s00426-018-1015-6.pdf,7,119,,paper_classifier_v2,0.5455,downgraded_to_unknown_low_confidence,unknown,1.5,True,empirical_v2,observational_field,section:results,,,,,,,,,,,,,,,
doi:10.1007/s10936-023-09967-y,10.1007/s10936-023-09967-y,The Role of Sound on Spirituality in Religious Environments and Islamic Architecture by Using EEG,2023,,/Users/davidusa/REPOS/Article_Finder_v3_2_3/data/pdfs/10.1007_s10936-023-09967-y.pdf,completed_pdf_extracted,2026-02-16T18:00:14.639045+00:00,2026-02-16T18:09:16.734188+00:00,table_remake_required,run_realtime_table_rule_intake,/Users/davidusa/REPOS/Article_Finder_v3_2_3/data/pdfs/10.1007_s10936-023-09967-y.pdf,1,143,,paper_classifier_v2,0.3636,downgraded_to_unknown_low_confidence,unknown,0.0,True,case_study,narrative_review,title_pattern:case\s+study,,,,,,,,,,,,,,,
doi:10.1007/s11229-019-02131-x,10.1007/s11229-019-02131-x,The material reasoning of folding paper,2021,,/Users/davidusa/REPOS/Article_Finder_v3_2_3/data/pdfs/10.1007_s11229-019-02131-x.pdf,completed_pdf_extracted,2026-02-16T18:00:14.639045+00:00,2026-02-16T18:09:16.734188+00:00,table_remake_required,run_realtime_table_rule_intake,/Users/davidusa/REPOS/Article_Finder_v3_2_3/data/pdfs/10.1007_s11229-019-02131-x.pdf,4,34,,paper_classifier_v2,0.2182,downgraded_to_unknown_low_confidence,unknown,0.2,True,empirical_v2,observational_field,default_empirical_from_structural_core,,,,,,,,,,,0,0,completed_pdf_no_claims,,
doi:10.1007/s11406-017-9841-0,10.1007/s11406-017-9841-0,Moods in Layers,2017,,/Users/davidusa/REPOS/Article_Finder_v3_2_3/data/pdfs/10.1007_s11406-017-9841-0.pdf,completed_pdf_extracted,2026-02-16T18:00:14.639045+00:00,2026-02-16T18:10:32.009275+00:00,table_remake_required,run_realtime_table_rule_intake,/Users/davidusa/REPOS/Article_Finder_v3_2_3/data/pdfs/10.1007_s11406-017-9841-0.pdf,84,1659,,paper_classifier_v2,0.0,downgraded_to_unknown_low_confidence,unknown,0.0,True,unknown,theoretical,,data/production/pdf_preprocess_cache/doi:10.1007/s11406-017-9841-0.json,2026-02-14T10:17:37.772176+00:00,0.00066970,15,,19,25,ready,22398,,,,,,
doi:10.1007/s11676-023-01683-6,10.1007/s11676-023-01683-6,Physiological and psychological responses to tended plant communities with varying color characteristics,2024,,/Users/davidusa/REPOS/Article_Finder_v3_2_3/data/pdfs/10.1007_s11676-023-01683-6.pdf,completed_pdf_extracted,2026-02-16T18:00:14.639045+00:00,2026-02-16T18:10:32.009275+00:00,table_remake_required,backfill_pdf_completion_queue,/Users/davidusa/REPOS/Article_Finder_v3_2_3/data/pdfs/10.1007_s11676-023-01683-6.pdf,13,233,,paper_classifier_v2,0.0,downgraded_to_unknown_low_confidence,unknown,0.0,True,unknown,theoretical,,data/production/pdf_preprocess_cache/doi:10.1007/s11676-023-01683-6.json,2026-02-16T13:53:53.497752+00:00,0.00000000,0,,19,19,ready,80952,,,,,,
doi:10.1007/s13762-023-04869-x,10.1007/s13762-023-04869-x,Ventilation and noise in a cognitive day care centre: environmental quality analysis and design optimization study,2023,International Journal of Environmental Science and Technology,/Users/davidusa/REPOS/Article_Finder_v3_2_3/data/pdfs/10.1007_s13762-023-04869-x.pdf,completed_pdf_extracted,2026-02-16T18:00:14.639045+00:00,2026-02-16T18:10:47.833030+00:00,table_remake_required,backfill_pdf_completion_queue,/Users/davidusa/REPOS/Article_Finder_v3_2_3/data/pdfs/10.1007_s13762-023-04869-x.pdf,5,124,,paper_classifier_v2,0.4545,downgraded_to_unknown_low_confidence,unknown,0.5,True,thought_piece,empirical_v2,title_pattern:perspective,data/production/pdf_preprocess_cache/doi:10.1007/s13762-023-04869-x.json,2026-02-16T13:53:53.497752+00:00,0.00000000,0,,24,24,ready,73450,,,,,,
doi:10.1007/s42413-024-00204-5,10.1007/s42413-024-00204-5,Understanding the Relationship between Urban Public Space and Social Cohesion: A Systematic Review,2024,,/Users/davidusa/REPOS/Article_Finder_v3_2_3/data/pdfs/10.1007_s42413-024-00204-5.pdf,completed_pdf_extracted,2026-02-16T18:00:14.639045+00:00,2026-02-16T18:10:47.833030+00:00,table_remake_required,run_realtime_table_rule_intake,/Users/davidusa/REPOS/Article_Finder_v3_2_3/data/pdfs/10.1007_s42413-024-00204-5.pdf,7,70,,paper_classifier_v2,0.6545,,narrative_review,0.4,False,narrative_review,systematic_review,title_pattern:(?<!systematic\s)review(?!\s+of\s+the\s+literature)|review_hits:systematic review,,,,,,,,,,,,,,,
doi:10.1016/0010-0285(87)90008-9,10.1016/0010-0285(87)90008-9,Hand movements: A window into haptic object recognition,1987,,/Users/davidusa/REPOS/Article_Finder_v3_2_3/data/pdfs/10.1016_0010-0285(87)90008-9.pdf,completed_pdf_extracted,2026-02-16T18:00:14.639045+00:00,2026-02-16T18:11:05.605056+00:00,table_remake_required,backfill_pdf_completion_queue,/Users/davidusa/REPOS/Article_Finder_v3_2_3/data/pdfs/10.1016_0010-0285(87)90008-9.pdf,10,100,,paper_classifier_v2,0.0,downgraded_to_unknown_low_confidence,unknown,0.0,True,unknown,theoretical,,data/production/pdf_preprocess_cache/doi:10.1016/0010-0285(87)90008-9.json,2026-02-16T13:53:53.497752+00:00,0.00000000,0,,25,25,ready,59451,,,,,,
doi:10.1016/0272-4944(95)90013-6,10.1016/0272-4944(95)90013-6,Effects of indoor lighting on mood and cognition,1995,,/Users/davidusa/REPOS/Article_Finder_v3_2_3/data/pdfs/10.1016_0272-4944(95)90013-6.pdf,completed_pdf_extracted,2026-02-16T18:00:14.639045+00:00,2026-02-16T18:11:05.605056+00:00,table_remake_required,backfill_pdf_completion_queue,/Users/davidusa/REPOS/Article_Finder_v3_2_3/data/pdfs/10.1016_0272-4944(95)90013-6.pdf,10,54,,paper_classifier_v2,0.0,downgraded_to_unknown_low_confidence,unknown,0.0,True,unknown,theoretical,,data/production/pdf_preprocess_cache/doi:10.1016/0272-4944(95)90013-6.json,2026-02-16T13:53:53.497752+00:00,0.00000000,0,,13,13,ready,47417,,,,,,
doi:10.1016/b978-0-444-53817-8.00007-4,10.1016/b978-0-444-53817-8.00007-4,Chapter 7 - Can light make us bright? Effects of light on cognition and sleep,2011,,/Users/davidusa/REPOS/Article_Finder_v3_2_3/data/pdfs/10.1016_b978-0-444-53817-8.00007-4.pdf,completed_pdf_extracted,2026-02-16T18:00:14.639045+00:00,2026-02-16T18:11:41.393890+00:00,table_remake_required,run_realtime_table_rule_intake,/Users/davidusa/REPOS/Article_Finder_v3_2_3/data/pdfs/10.1016_b978-0-444-53817-8.00007-4.pdf,3,13,,paper_classifier_v2,0.2182,downgraded_to_unknown_low_confidence,unknown,0.2,True,empirical_v2,observational_field,default_empirical_from_structural_core,,,,,,,,,,,,,,,
doi:10.1016/j.actpsy.2021.103285,10.1016/j.actpsy.2021.103285,Understanding joint action: Current theoretical and empirical approaches,2021,,/Users/davidusa/REPOS/Article_Finder_v3_2_3/data/pdfs/10.1016_j.actpsy.2021.103285.pdf,completed_pdf_extracted,2026-02-16T18:00:14.639045+00:00,2026-02-16T18:11:41.393890+00:00,table_remake_required,run_realtime_table_rule_intake,/Users/davidusa/REPOS/Article_Finder_v3_2_3/data/pdfs/10.1016_j.actpsy.2021.103285.pdf,19,1126,,paper_classifier_v2,0.7455,,thought_piece,1.8,False,thought_piece,narrative_review,title_pattern:editorial,,,,,,,,,,,,,,,
doi:10.1016/j.buildenv.2018.04.029,10.1016/j.buildenv.2018.04.029,The effects of indoor plants and artificial windows in an underground environment,2018,,/Users/davidusa/REPOS/Article_Finder_v3_2_3/data/pdfs/10.1016_j.buildenv.2018.04.029.pdf,completed_pdf_extracted,2026-02-16T18:00:14.639045+00:00,2026-02-16T18:12:31.763592+00:00,table_remake_required,run_realtime_table_rule_intake,/Users/davidusa/REPOS/Article_Finder_v3_2_3/data/pdfs/10.1016_j.buildenv.2018.04.029.pdf,13,453,,paper_classifier_v2,0.0,downgraded_to_unknown_low_confidence,unknown,0.0,True,unknown,theoretical,,,,,,,,,,,,,,,,
doi:10.1016/j.compfluid.2019.06.031,10.1016/j.compfluid.2019.06.031,Fifth order finite volume WENO in general orthogonally-curvilinear coordinates,2019,,/Users/davidusa/REPOS/Article_Finder_v3_2_3/data/pdfs/10.1016_j.compfluid.2019.06.031.pdf,completed_pdf_extracted,2026-02-16T18:00:14.639045+00:00,2026-02-16T18:12:31.763592+00:00,table_remake_required,run_realtime_table_rule_intake,/Users/davidusa/REPOS/Article_Finder_v3_2_3/data/pdfs/10.1016_j.compfluid.2019.06.031.pdf,16,70,,paper_classifier_v2,0.0,downgraded_to_unknown_low_confidence,unknown,0.0,True,unknown,theoretical,,data/production/pdf_preprocess_cache/doi:10.1016/j.compfluid.2019.06.031.json,2026-02-14T10:17:37.772176+00:00,0.00197264,123,,25,25,ready,62353,,,,,,
doi:10.1016/j.envres.2020.110169,10.1016/j.envres.2020.110169,"Blue space, health and well-being: A narrative overview and synthesis of potential benefits",2020,,/Users/davidusa/REPOS/Article_Finder_v3_2_3/data/pdfs/10.1016_j.envres.2020.110169.pdf,completed_pdf_extracted,2026-02-16T18:00:14.639045+00:00,2026-02-16T18:12:50.269987+00:00,table_remake_required,run_realtime_table_rule_intake,/Users/davidusa/REPOS/Article_Finder_v3_2_3/data/pdfs/10.1016_j.envres.2020.110169.pdf,2,12,,paper_classifier_v2,1.0,,narrative_review,2.9,False,narrative_review,systematic_review,title_pattern:(?<!systematic\s)review(?!\s+of\s+the\s+literature)|review_hits:narrative review,,,,,,,,,,,,,,,
doi:10.1016/j.erss.2016.02.008,10.1016/j.erss.2016.02.008,Saving energy with light? Experimental studies assessing the impact of colour temperature on thermal comfort,2016,,/Users/davidusa/REPOS/Article_Finder_v3_2_3/data/pdfs/10.1016_j.erss.2016.02.008.pdf,completed_pdf_extracted,2026-02-16T18:00:14.639045+00:00,2026-02-16T18:12:50.269987+00:00,table_remake_required,run_realtime_table_rule_intake,/Users/davidusa/REPOS/Article_Finder_v3_2_3/data/pdfs/10.1016_j.erss.2016.02.008.pdf,11,69,,paper_classifier_v2,0.5455,downgraded_to_unknown_low_confidence,unknown,1.5,True,empirical_v2,observational_field,section:results,,,,,,,,,,,69,11,completed_pdf_extracted,,
doi:10.1016/j.landurbplan.2012.12.013,10.1016/j.landurbplan.2012.12.013,Associations between park characteristics and perceived restorativeness of small public urban green spaces,2013,,/Users/davidusa/REPOS/Article_Finder_v3_2_3/data/pdfs/10.1016_j.landurbplan.2012.12.013.pdf,completed_pdf_extracted,2026-02-16T18:00:14.639045+00:00,2026-02-16T18:14:53.528030+00:00,table_remake_required,run_realtime_table_rule_intake,/Users/davidusa/REPOS/Article_Finder_v3_2_3/data/pdfs/10.1016_j.landurbplan.2012.12.013.pdf,4,194,,paper_classifier_v2,0.5455,downgraded_to_unknown_low_confidence,unknown,1.5,True,empirical_v2,observational_field,section:results,,,,,,,,,,,448,4,completed_pdf_extracted,timeout_after_75s,error_pdf_timeout
doi:10.1016/j.neuropsychologia.2014.08.030,10.1016/j.neuropsychologia.2014.08.030,Full body action remapping of peripersonal space: The case of walking,2015,,/Users/davidusa/REPOS/Article_Finder_v3_2_3/data/pdfs/10.1016_j.neuropsychologia.2014.08.030.pdf,completed_pdf_extracted,2026-02-16T18:00:14.639045+00:00,2026-02-16T18:14:53.528030+00:00,table_remake_required,run_realtime_table_rule_intake,/Users/davidusa/REPOS/Article_Finder_v3_2_3/data/pdfs/10.1016_j.neuropsychologia.2014.08.030.pdf,90,1035,,paper_classifier_v2,0.5455,downgraded_to_unknown_low_confidence,unknown,1.5,True,empirical_v2,observational_field,section:results,data/production/pdf_preprocess_cache/doi:10.1016/j.neuropsychologia.2014.08.030.json,2026-02-14T18:27:56.725084+00:00,0.00000000,0,,29,30,ready,49854,,346,91,error_pdf_timeout,,
doi:10.1016/j.smrv.2007.07.009,10.1016/j.smrv.2007.07.009,Alerting effects of light,2007,,/Users/davidusa/REPOS/Article_Finder_v3_2_3/data/pdfs/10.1016_j.smrv.2007.07.009.pdf,completed_pdf_extracted,2026-02-16T18:00:14.639045+00:00,2026-02-16T18:14:53.528030+00:00,table_remake_required,run_realtime_table_rule_intake,/Users/davidusa/REPOS/Article_Finder_v3_2_3/data/pdfs/10.1016_j.smrv.2007.07.009.pdf,4,1,,paper_classifier_v2,0.0,downgraded_to_unknown_low_confidence,unknown,0.0,True,unknown,theoretical,,,,,,,,,,,,,,,,
doi:10.1016/j.tics.2010.06.008,10.1016/j.tics.2010.06.008,The multifaceted interplay between attention and multisensory integration,2010,,/Users/davidusa/REPOS/Article_Finder_v3_2_3/data/pdfs/10.1016_j.tics.2010.06.008.pdf,completed_pdf_extracted,2026-02-16T18:00:14.639045+00:00,2026-02-16T18:14:53.528030+00:00,table_remake_required,run_realtime_table_rule_intake,/Users/davidusa/REPOS/Article_Finder_v3_2_3/data/pdfs/10.1016_j.tics.2010.06.008.pdf,4,62,,paper_classifier_v2,0.4545,downgraded_to_unknown_low_confidence,unknown,0.5,True,narrative_review,empirical_v2,title_pattern:(?<!systematic\s)review(?!\s+of\s+the\s+literature),,,,,,,,,,,0,0,completed_pdf_no_claims,,
doi:10.1037/0033-295x.113.2.358,10.1037/0033-295x.113.2.358,The dynamics of perception and action.,2006,,/Users/davidusa/REPOS/Article_Finder_v3_2_3/data/pdfs/10.1037_0033-295x.113.2.358.pdf,completed_pdf_extracted,2026-02-16T18:00:14.639045+00:00,2026-02-16T18:16:00.258260+00:00,table_remake_required,run_realtime_table_rule_intake,/Users/davidusa/REPOS/Article_Finder_v3_2_3/data/pdfs/10.1037_0033-295x.113.2.358.pdf,16,1136,,paper_classifier_v2,0.4545,downgraded_to_unknown_low_confidence,unknown,1.0,True,theoretical,narrative_review,theory_hits:theoretical framework,,,,,,,,,,,,,,,
doi:10.1037/aca0000359,10.1037/aca0000359,Visual preference for abstract curvature and for interior spaces: Beyond undergraduate student samples.,2022,,/Users/davidusa/REPOS/Article_Finder_v3_2_3/data/pdfs/10.1037_aca0000359.pdf,completed_pdf_extracted,2026-02-16T18:00:14.639045+00:00,2026-02-16T18:16:00.258260+00:00,table_remake_required,run_realtime_table_rule_intake,/Users/davidusa/REPOS/Article_Finder_v3_2_3/data/pdfs/10.1037_aca0000359.pdf,6,78,,paper_classifier_v2,0.5455,downgraded_to_unknown_low_confidence,unknown,1.5,True,empirical_v2,observational_field,section:results,,,,,,,,,,,78,6,completed_pdf_extracted,,
doi:10.1038/s41562-019-0718-z,10.1038/s41562-019-0718-z,Age-related preference for geometric spatial cues during real-world navigation,2020,,/Users/davidusa/REPOS/Article_Finder_v3_2_3/data/pdfs/10.1038_s41562-019-0718-z.pdf,completed_pdf_extracted,2026-02-16T18:00:14.639045+00:00,2026-02-16T18:16:00.258260+00:00,table_remake_required,run_realtime_table_rule_intake,/Users/davidusa/REPOS/Article_Finder_v3_2_3/data/pdfs/10.1038_s41562-019-0718-z.pdf,3,3,,paper_classifier_v2,0.5455,downgraded_to_unknown_low_confidence,unknown,1.5,True,empirical_v2,observational_field,section:results,,,,,,,,,,,,,,,
doi:10.1038/s41598-022-20649-y,10.1038/s41598-022-20649-y,A mobile EEG study on the psychophysiological effects of walking and crowding in indoor and outdoor urban environments,2022,Scientific Reports,/Users/davidusa/REPOS/Article_Finder_v3_2_3/data/pdfs/10.1038_s41598-022-20649-y.pdf,completed_pdf_extracted,2026-02-16T18:00:14.639045+00:00,2026-02-16T18:16:00.258260+00:00,table_remake_required,run_realtime_table_rule_intake,/Users/davidusa/REPOS/Article_Finder_v3_2_3/data/pdfs/10.1038_s41598-022-20649-y.pdf,10,150,,paper_classifier_v2,1.0,,empirical_v2,3.3,False,empirical_v2,observational_field,"section:results|empirical_method_hits:participants,methods,experiment",,,,,,,,,,,,,,,
doi:10.1068/b2725,10.1068/b2725,Exploring Isovist Fields: Space and Shape in Architectural and Urban Morphology,2001,,/Users/davidusa/REPOS/Article_Finder_v3_2_3/data/pdfs/10.1068_b2725.pdf,completed_pdf_extracted,2026-02-16T18:00:14.639045+00:00,2026-02-16T18:16:50.880112+00:00,table_remake_required,run_realtime_table_rule_intake,/Users/davidusa/REPOS/Article_Finder_v3_2_3/data/pdfs/10.1068_b2725.pdf,3,19,,paper_classifier_v2,0.4545,downgraded_to_unknown_low_confidence,unknown,0.5,True,conceptual_framework,empirical_v2,title_pattern:classification\s+of,,,,,,,,,,,0,0,completed_pdf_no_claims,,
doi:10.1068/b33050,10.1068/b33050,From Space Syntax to Space Semantics: A Behaviorally and Perceptually Oriented Methodology for the Efficient Description of the Geometry and Topology of Environments,2008,,/Users/davidusa/REPOS/Article_Finder_v3_2_3/data/pdfs/10.1068_b33050.pdf,completed_pdf_extracted,2026-02-16T18:00:14.639045+00:00,2026-02-16T18:16:50.880112+00:00,table_remake_required,run_realtime_table_rule_intake,/Users/davidusa/REPOS/Article_Finder_v3_2_3/data/pdfs/10.1068_b33050.pdf,2,135,,paper_classifier_v2,0.2182,downgraded_to_unknown_low_confidence,unknown,0.2,True,empirical_v2,observational_field,default_empirical_from_structural_core,,,,,,,,,,,133,5,completed_pdf_extracted,timeout_after_75s,error_pdf_timeout
doi:10.1068/p5292,10.1068/p5292,Optic-Flow-Based Perception of Two-Dimensional Trajectories and the Effects of a Single Landmark,2005,,data/production/pdf_repaired/doi_10.1068_p5292.pdf,completed_pdf_extracted,2026-02-16T18:00:14.639045+00:00,2026-02-16T18:16:50.880112+00:00,table_remake_required,run_realtime_table_rule_intake,/Users/davidusa/REPOS/Article_Eater_PostQuinean_v1/data/production/pdf_repaired/doi_10.1068_p5292.pdf,5,96,,paper_classifier_v2,0.0,downgraded_to_unknown_low_confidence,unknown,0.0,True,unknown,theoretical,,data/production/pdf_preprocess_cache/doi:10.1068/p5292.json,2026-02-14T10:17:37.772176+00:00,0.04232746,4217,,25,25,ready,99628,high_cid_density|repaired:qpdf,,,,,
doi:10.1068/p5921,10.1068/p5921,Movement and the Rubber Hand Illusion,2009,,/Users/davidusa/REPOS/Article_Finder_v3_2_3/data/pdfs/10.1068_p5921.pdf,completed_pdf_extracted,2026-02-16T18:00:14.639045+00:00,2026-02-16T18:16:50.880112+00:00,table_remake_required,run_realtime_table_rule_intake,/Users/davidusa/REPOS/Article_Finder_v3_2_3/data/pdfs/10.1068_p5921.pdf,3,655,,paper_classifier_v2,0.5455,downgraded_to_unknown_low_confidence,unknown,1.5,True,empirical_v2,observational_field,section:results,data/production/pdf_preprocess_cache/doi:10.1068/p5921.json,2026-02-14T18:27:56.725084+00:00,0.00000000,0,,30,30,ready,81110,,513,7,error_pdf_timeout,,
doi:10.1073/pnas.1418490112,10.1073/pnas.1418490112,"Evening use of light-emitting eReaders negatively affects sleep, circadian timing, and next-morning alertness",2015,,/Users/davidusa/REPOS/Article_Finder_v3_2_3/data/pdfs/10.1073_pnas.1418490112.pdf,completed_pdf_extracted,2026-02-16T18:00:14.639045+00:00,2026-02-16T18:17:34.826398+00:00,table_remake_required,run_realtime_table_rule_intake,/Users/davidusa/REPOS/Article_Finder_v3_2_3/data/pdfs/10.1073_pnas.1418490112.pdf,2,1,,paper_classifier_v2,0.5455,downgraded_to_unknown_low_confidence,unknown,1.5,True,empirical_v2,observational_field,section:results,,,,,,,,,,,0,0,completed_pdf_no_claims,,
doi:10.1073/pnas.2112318119,10.1073/pnas.2112318119,Multiple representations of the body schema for the same body part,2022,,/Users/davidusa/REPOS/Article_Finder_v3_2_3/data/pdfs/10.1073_pnas.2112318119.pdf,completed_pdf_extracted,2026-02-16T18:00:14.639045+00:00,2026-02-16T18:17:34.826398+00:00,table_remake_required,run_realtime_table_rule_intake,/Users/davidusa/REPOS/Article_Finder_v3_2_3/data/pdfs/10.1073_pnas.2112318119.pdf,18,171,,paper_classifier_v2,0.5455,downgraded_to_unknown_low_confidence,unknown,1.5,True,empirical_v2,observational_field,section:results,,,,,,,,,,,59,18,completed_pdf_extracted,timeout_after_75s,error_pdf_timeout
doi:10.1080/01944363.2018.1526644,10.1080/01944363.2018.1526644,New Directions in Cognitive-Environmental Research: Applications to Urban Planning and Design,2018,,/Users/davidusa/REPOS/Article_Finder_v3_2_3/data/pdfs/10.1080_01944363.2018.1526644.pdf,completed_pdf_extracted,2026-02-16T18:00:14.639045+00:00,2026-02-16T18:17:34.826398+00:00,table_remake_required,run_realtime_table_rule_intake,/Users/davidusa/REPOS/Article_Finder_v3_2_3/data/pdfs/10.1080_01944363.2018.1526644.pdf,1,1,,paper_classifier_v2,0.4545,downgraded_to_unknown_low_confidence,unknown,0.5,True,narrative_review,empirical_v2,title_pattern:(?<!systematic\s)review(?!\s+of\s+the\s+literature),,,,,,,,,,,0,0,completed_pdf_no_claims,,
doi:10.1080/13602365.2024.2331505,10.1080/13602365.2024.2331505,Impact of biophilic design parameters on university students’ place attachment and quality of campus life,2024,,/Users/davidusa/REPOS/Article_Finder_v3_2_3/data/pdfs/10.1080_13602365.2024.2331505.pdf,completed_pdf_extracted,2026-02-16T18:00:14.639045+00:00,2026-02-16T18:17:34.826398+00:00,table_remake_required,run_realtime_table_rule_intake,/Users/davidusa/REPOS/Article_Finder_v3_2_3/data/pdfs/10.1080_13602365.2024.2331505.pdf,8,232,,paper_classifier_v2,0.5455,downgraded_to_unknown_low_confidence,unknown,1.5,True,empirical_v2,observational_field,section:results,,,,,,,,,,,217,4,completed_pdf_extracted,timeout_after_75s,error_pdf_timeout
doi:10.1080/17508975.2020.1732859,10.1080/17508975.2020.1732859,"Biophilic design and office planting: a case study of effects on perceived health, well-being and performance metrics in the workplace",2020,Intelligent Buildings International,/Users/davidusa/REPOS/Article_Finder_v3_2_3/data/pdfs/10.1080_17508975.2020.1732859.pdf,completed_pdf_extracted,2026-02-16T18:00:14.639045+00:00,2026-02-16T18:18:58.425187+00:00,table_remake_required,run_realtime_table_rule_intake,/Users/davidusa/REPOS/Article_Finder_v3_2_3/data/pdfs/10.1080_17508975.2020.1732859.pdf,17,212,,paper_classifier_v2,0.4545,downgraded_to_unknown_low_confidence,unknown,0.5,True,case_study,empirical_v2,title_pattern:case\s+study,,,,,,,,,,,,,,,
doi:10.1080/23744731.2022.2049639,10.1080/23744731.2022.2049639,Physiological and psychological responses and cognitive performance with a window view,2022,,/Users/davidusa/REPOS/Article_Finder_v3_2_3/data/pdfs/10.1080_23744731.2022.2049639.pdf,completed_pdf_extracted,2026-02-16T18:00:14.639045+00:00,2026-02-16T18:18:58.425187+00:00,table_remake_required,run_realtime_table_rule_intake,/Users/davidusa/REPOS/Article_Finder_v3_2_3/data/pdfs/10.1080_23744731.2022.2049639.pdf,2,86,,paper_classifier_v2,0.5455,downgraded_to_unknown_low_confidence,unknown,1.5,True,empirical_v2,observational_field,section:results,,,,,,,,,,,86,2,completed_pdf_extracted,,
doi:10.1093/cercor/bhr310,10.1093/cercor/bhr310,Attention Reverses the Effect of Prediction in Silencing Sensory Signals,2012,,/Users/davidusa/REPOS/Article_Finder_v3_2_3/data/pdfs/10.1093_cercor_bhr310.pdf,completed_pdf_extracted,2026-02-16T18:00:14.639045+00:00,2026-02-16T18:18:58.425187+00:00,table_remake_required,run_realtime_table_rule_intake,/Users/davidusa/REPOS/Article_Finder_v3_2_3/data/pdfs/10.1093_cercor_bhr310.pdf,4,133,,paper_classifier_v2,0.5455,downgraded_to_unknown_low_confidence,unknown,1.5,True,empirical_v2,observational_field,section:results,,,,,,,,,,,120,0,completed_pdf_extracted,timeout_after_75s,error_pdf_timeout
doi:10.1098/rsos.240762,10.1098/rsos.240762,Ecological brain: reframing the study of human behaviour and cognition,2024,,/Users/davidusa/REPOS/Article_Finder_v3_2_3/data/pdfs/10.1098_rsos.240762.pdf,completed_pdf_extracted,2026-02-16T18:00:14.639045+00:00,2026-02-16T18:18:58.425187+00:00,table_remake_required,run_realtime_table_rule_intake,/Users/davidusa/REPOS/Article_Finder_v3_2_3/data/pdfs/10.1098_rsos.240762.pdf,87,525,,paper_classifier_v2,0.7273,,narrative_review,2.0,False,narrative_review,empirical_v2,title_pattern:(?<!systematic\s)review(?!\s+of\s+the\s+literature),,,,,,,,,,,,,,,
doi:10.1108/17465729200400010,10.1108/17465729200400010,The impact on mental well‐being of the urban and physical environment: an assessment of the evidence,2004,,/Users/davidusa/REPOS/Article_Finder_v3_2_3/data/pdfs/10.1108_17465729200400010.pdf,completed_pdf_extracted,2026-02-16T18:00:14.639045+00:00,2026-02-16T18:20:53.342919+00:00,table_remake_required,run_realtime_table_rule_intake,/Users/davidusa/REPOS/Article_Finder_v3_2_3/data/pdfs/10.1108_17465729200400010.pdf,2,12,,paper_classifier_v2,0.7273,theory_mentions_deweighted_due_to_empirical_core,narrative_review,0.8,False,narrative_review,theoretical,title_pattern:(?<!systematic\s)review(?!\s+of\s+the\s+literature)|review_hits:literature review,,,,,,,,,,,,,,,
doi:10.1111/cogs.12518,10.1111/cogs.12518,"Recombinant Enaction: Manipulatives Generate New Procedures in the Imagination, by Extending and Recombining Action Spaces",2018,,/Users/davidusa/REPOS/Article_Finder_v3_2_3/data/pdfs/10.1111_cogs.12518.pdf,completed_pdf_extracted,2026-02-16T18:00:14.639045+00:00,2026-02-16T18:20:53.342919+00:00,table_remake_required,run_realtime_table_rule_intake,/Users/davidusa/REPOS/Article_Finder_v3_2_3/data/pdfs/10.1111_cogs.12518.pdf,184,1146,,paper_classifier_v2,0.5455,downgraded_to_unknown_low_confidence,unknown,1.5,True,empirical_v2,observational_field,section:results,data/production/pdf_preprocess_cache/doi:10.1111/cogs.12518.json,2026-02-14T18:27:56.725084+00:00,0.00000000,0,,30,30,ready,108446,,849,184,error_pdf_timeout,,
doi:10.1111/j.1559-1816.1971.tb00350.x,10.1111/j.1559-1816.1971.tb00350.x,The Effect of Crowding on Human Task Performance<sup>1</sup>,1971,Journal of Applied Social Psychology,/Users/davidusa/REPOS/Article_Finder_v3_2_3/data/pdfs/10.1111_j.1559-1816.1971.tb00350.x.pdf,completed_pdf_extracted,2026-02-16T18:00:14.639045+00:00,2026-02-16T18:20:53.342919+00:00,table_remake_required,run_realtime_table_rule_intake,/Users/davidusa/REPOS/Article_Finder_v3_2_3/data/pdfs/10.1111_j.1559-1816.1971.tb00350.x.pdf,4,34,,paper_classifier_v2,0.2182,downgraded_to_unknown_low_confidence,unknown,0.2,True,empirical_v2,observational_field,default_empirical_from_structural_core,,,,,,,,,,,0,0,completed_pdf_no_claims,,
doi:10.1111/j.1939-1668.2004.tb00398.x,10.1111/j.1939-1668.2004.tb00398.x,A Cross–Cultural Comparison of Preference for Visual Attributes in Interior Environments: America and China,2004,,/Users/davidusa/REPOS/Article_Finder_v3_2_3/data/pdfs/10.1111_j.1939-1668.2004.tb00398.x.pdf,completed_pdf_extracted,2026-02-16T18:00:14.639045+00:00,2026-02-16T18:20:53.342919+00:00,table_remake_required,run_realtime_table_rule_intake,/Users/davidusa/REPOS/Article_Finder_v3_2_3/data/pdfs/10.1111_j.1939-1668.2004.tb00398.x.pdf,6,42,,paper_classifier_v2,0.4727,theory_mentions_deweighted_due_to_empirical_core|downgraded_to_unknown_low_confidence,unknown,1.1,True,empirical_v2,theoretical,section:results,,,,,,,,,,,0,0,completed_pdf_no_claims,,
doi:10.1111/psyp.14121,10.1111/psyp.14121,"Built environment color modulates autonomic and <span style=""font-variant:small-caps;"">EEG</span> indices of emotional response",2022,,/Users/davidusa/REPOS/Article_Finder_v3_2_3/data/pdfs/10.1111_psyp.14121.pdf,completed_pdf_extracted,2026-02-16T18:00:14.639045+00:00,2026-02-16T18:21:22.666162+00:00,table_remake_required,run_realtime_table_rule_intake,/Users/davidusa/REPOS/Article_Finder_v3_2_3/data/pdfs/10.1111_psyp.14121.pdf,9,10,,paper_classifier_v2,0.8364,,empirical_v2,1.9,False,empirical_v2,observational_field,section:results|empirical_quant_combo:beta,,,,,,,,,,,,,,,
doi:10.1121/1.1490363,10.1121/1.1490363,"Rating, ranking, and understanding acoustical quality in university classrooms",2002,,/Users/davidusa/REPOS/Article_Finder_v3_2_3/data/pdfs/10.1121_1.1490363.pdf,completed_pdf_extracted,2026-02-16T18:00:14.639045+00:00,2026-02-16T18:21:22.666162+00:00,table_remake_required,run_realtime_table_rule_intake,/Users/davidusa/REPOS/Article_Finder_v3_2_3/data/pdfs/10.1121_1.1490363.pdf,7,37,,paper_classifier_v2,0.5455,downgraded_to_unknown_low_confidence,unknown,1.5,True,empirical_v2,observational_field,section:results,,,,,,,,,,,0,0,completed_pdf_no_claims,,
doi:10.1121/1.1918154,10.1121/1.1918154,Speech Privacy in Buildings,1962,,/Users/davidusa/REPOS/Article_Finder_v3_2_3/data/pdfs/10.1121_1.1918154.pdf,completed_pdf_extracted,2026-02-16T18:00:14.639045+00:00,2026-02-16T18:21:22.666162+00:00,table_remake_required,run_realtime_table_rule_intake,/Users/davidusa/REPOS/Article_Finder_v3_2_3/data/pdfs/10.1121_1.1918154.pdf,15,63,,paper_classifier_v2,0.5455,downgraded_to_unknown_low_confidence,unknown,1.5,True,empirical_v2,observational_field,section:results,,,,,,,,,,,63,15,completed_pdf_extracted,,
doi:10.1121/1.2839283,10.1121/1.2839283,Evaluation of acoustical conditions for speech communication in working elementary school classrooms,2008,,/Users/davidusa/REPOS/Article_Finder_v3_2_3/data/pdfs/10.1121_1.2839283.pdf,completed_pdf_extracted,2026-02-16T18:00:14.639045+00:00,2026-02-16T18:21:22.666162+00:00,table_remake_required,run_realtime_table_rule_intake,/Users/davidusa/REPOS/Article_Finder_v3_2_3/data/pdfs/10.1121_1.2839283.pdf,5,6,,paper_classifier_v2,0.2182,downgraded_to_unknown_low_confidence,unknown,0.2,True,empirical_v2,observational_field,default_empirical_from_structural_core,,,,,,,,,,,,,,,
doi:10.1145/3676488,10.1145/3676488,An Examination of Ultrasound Mid-air Haptics for Enhanced Material and Temperature Perception in Virtual Environments,2024,,/Users/davidusa/REPOS/Article_Finder_v3_2_3/data/pdfs/10.1145_3676488.pdf,completed_pdf_extracted,2026-02-16T18:00:14.639045+00:00,2026-02-16T18:22:08.332431+00:00,table_remake_required,run_realtime_table_rule_intake,/Users/davidusa/REPOS/Article_Finder_v3_2_3/data/pdfs/10.1145_3676488.pdf,6,155,,paper_classifier_v2,0.5455,downgraded_to_unknown_low_confidence,unknown,1.5,True,empirical_v2,observational_field,section:results,,,,,,,,,,,155,15,completed_pdf_extracted,timeout_after_75s,error_pdf_timeout
doi:10.1146/annurev-neuro-072116-031215,10.1146/annurev-neuro-072116-031215,How Movement Modulates Hearing,2018,,/Users/davidusa/REPOS/Article_Finder_v3_2_3/data/pdfs/10.1146_annurev-neuro-072116-031215.pdf,completed_pdf_extracted,2026-02-16T18:00:14.639045+00:00,2026-02-16T18:22:08.332431+00:00,table_remake_required,run_realtime_table_rule_intake,/Users/davidusa/REPOS/Article_Finder_v3_2_3/data/pdfs/10.1146_annurev-neuro-072116-031215.pdf,18,74,,paper_classifier_v2,0.5455,downgraded_to_unknown_low_confidence,unknown,1.5,True,empirical_v2,observational_field,section:results,data/production/pdf_preprocess_cache/doi:10.1146/annurev-neuro-072116-031215.json,2026-02-14T10:17:37.772176+00:00,0.00071351,56,,16,16,ready,78485,,74,18,completed_pdf_extracted,,
doi:10.1146/annurev.psych.47.1.273,10.1146/annurev.psych.47.1.273,EXPERT AND EXCEPTIONAL PERFORMANCE: Evidence of Maximal Adaptation to Task Constraints,1996,,/Users/davidusa/REPOS/Article_Finder_v3_2_3/data/pdfs/10.1146_annurev.psych.47.1.273.pdf,completed_pdf_extracted,2026-02-16T18:00:14.639045+00:00,2026-02-16T18:22:08.332431+00:00,table_remake_required,run_realtime_table_rule_intake,/Users/davidusa/REPOS/Article_Finder_v3_2_3/data/pdfs/10.1146_annurev.psych.47.1.273.pdf,9,13,,paper_classifier_v2,0.0,downgraded_to_unknown_low_confidence,unknown,0.0,True,unknown,theoretical,,data/production/pdf_preprocess_cache/doi:10.1146/annurev.psych.47.1.273.json,2026-02-14T10:17:37.772176+00:00,0.00000000,0,,11,11,ready,46074,,,,,,
doi:10.1162/105474603322761289,10.1162/105474603322761289,"The Effect of the Agency and Anthropomorphism on Users' Sense of Telepresence, Copresence, and Social Presence in Virtual Environments",2003,,/Users/davidusa/REPOS/Article_Finder_v3_2_3/data/pdfs/10.1162_105474603322761289.pdf,completed_pdf_extracted,2026-02-16T18:00:14.639045+00:00,2026-02-16T18:22:08.332431+00:00,table_remake_required,run_realtime_table_rule_intake,/Users/davidusa/REPOS/Article_Finder_v3_2_3/data/pdfs/10.1162_105474603322761289.pdf,5,620,,paper_classifier_v2,1.0,,empirical_v2,3.3,False,empirical_v2,observational_field,"section:results|empirical_method_hits:participants,experiment",,,,,,,,,,,,,,,
doi:10.1167/10.9.6,10.1167/10.9.6,Highlight–shading relationship as a cue for the perception of translucent and transparent materials,2010,,/Users/davidusa/REPOS/Article_Finder_v3_2_3/data/pdfs/10.1167_10.9.6.pdf,completed_pdf_extracted,2026-02-16T18:00:14.639045+00:00,2026-02-16T18:22:51.479916+00:00,table_remake_required,run_realtime_table_rule_intake,/Users/davidusa/REPOS/Article_Finder_v3_2_3/data/pdfs/10.1167_10.9.6.pdf,5,59,,paper_classifier_v2,0.5455,downgraded_to_unknown_low_confidence,unknown,1.5,True,empirical_v2,observational_field,section:results,,,,,,,,,,,,,,,
doi:10.1177/0013916502238868,10.1177/0013916502238868,Just Down The Road A Piece: The Development of Topological Knowledge of Building Layouts,2003,,/Users/davidusa/REPOS/Article_Finder_v3_2_3/data/pdfs/10.1177_0013916502238868.pdf,completed_pdf_extracted,2026-02-16T18:00:14.639045+00:00,2026-02-16T18:22:51.479916+00:00,table_remake_required,run_realtime_table_rule_intake,/Users/davidusa/REPOS/Article_Finder_v3_2_3/data/pdfs/10.1177_0013916502238868.pdf,8,48,,paper_classifier_v2,0.2182,downgraded_to_unknown_low_confidence,unknown,0.2,True,empirical_v2,observational_field,default_empirical_from_structural_core,,,,,,,,,,,0,0,completed_pdf_no_claims,,
doi:10.1177/03010066211020598,10.1177/03010066211020598,"Factors Affecting Auditory Estimates of Virtual Room Size: Effects of Stimulus, Level, and Reverberation",2021,,/Users/davidusa/REPOS/Article_Finder_v3_2_3/data/pdfs/10.1177_03010066211020598.pdf,completed_pdf_extracted,2026-02-16T18:00:14.639045+00:00,2026-02-16T18:22:51.479916+00:00,table_remake_required,run_realtime_table_rule_intake,/Users/davidusa/REPOS/Article_Finder_v3_2_3/data/pdfs/10.1177_03010066211020598.pdf,7,228,,paper_classifier_v2,1.0,,empirical_v2,3.7,False,empirical_v2,observational_field,"section:results|empirical_method_hits:participants,experiment|empirical_quant_combo:p <",data/production/pdf_preprocess_cache/doi:10.1177/03010066211020598.json,2026-02-14T10:17:37.772176+00:00,0.00000000,0,,25,25,ready,43558,,,,,,
doi:10.1177/1477153509104765,10.1177/1477153509104765,A rules of thumb-based design sequence for diffuse daylight,2010,,/Users/davidusa/REPOS/Article_Finder_v3_2_3/data/pdfs/10.1177_1477153509104765.pdf,completed_pdf_extracted,2026-02-16T18:00:14.639045+00:00,2026-02-16T18:22:51.479916+00:00,table_remake_required,run_realtime_table_rule_intake,/Users/davidusa/REPOS/Article_Finder_v3_2_3/data/pdfs/10.1177_1477153509104765.pdf,10,90,,paper_classifier_v2,0.2182,downgraded_to_unknown_low_confidence,unknown,0.2,True,empirical_v2,observational_field,default_empirical_from_structural_core,,,,,,,,,,,0,0,completed_pdf_no_claims,,
doi:10.1177/1477153517750714,10.1177/1477153517750714,Perceived well-being and light-reactive hormones: An exploratory study,2019,,/Users/davidusa/REPOS/Article_Finder_v3_2_3/data/pdfs/10.1177_1477153517750714.pdf,completed_pdf_extracted,2026-02-16T18:00:14.639045+00:00,2026-02-16T18:23:48.242826+00:00,table_remake_required,run_realtime_table_rule_intake,/Users/davidusa/REPOS/Article_Finder_v3_2_3/data/pdfs/10.1177_1477153517750714.pdf,25,119,,paper_classifier_v2,0.2182,downgraded_to_unknown_low_confidence,unknown,0.2,True,empirical_v2,observational_field,default_empirical_from_structural_core,data/production/pdf_preprocess_cache/doi:10.1177/1477153517750714.json,2026-02-14T18:27:56.725084+00:00,0.00024909,16,,22,22,ready,64235,,0,0,error_pdf_timeout,,
doi:10.1177/1754073911410744,10.1177/1754073911410744,"Emotional Behaviors, Emotivational Goals, Emotion Strategies: Multiple Levels of Organization Integrate Variable and Consistent Responses",2011,,/Users/davidusa/REPOS/Article_Finder_v3_2_3/data/pdfs/10.1177_1754073911410744.pdf,completed_pdf_extracted,2026-02-16T18:00:14.639045+00:00,2026-02-16T18:23:48.242826+00:00,table_remake_required,run_realtime_table_rule_intake,/Users/davidusa/REPOS/Article_Finder_v3_2_3/data/pdfs/10.1177_1754073911410744.pdf,7,119,,paper_classifier_v2,0.7455,,thought_piece,1.8,False,thought_piece,narrative_review,title_pattern:perspective,,,,,,,,,,,,,,,
doi:10.1177/2158244012445585,10.1177/2158244012445585,Illuminating the Effects of Dynamic Lighting on Student Learning,2012,,/Users/davidusa/REPOS/Article_Finder_v3_2_3/data/pdfs/10.1177_2158244012445585.pdf,completed_pdf_extracted,2026-02-16T18:00:14.639045+00:00,2026-02-16T18:23:48.242826+00:00,table_remake_required,run_realtime_table_rule_intake,/Users/davidusa/REPOS/Article_Finder_v3_2_3/data/pdfs/10.1177_2158244012445585.pdf,1,6,,paper_classifier_v2,0.5455,downgraded_to_unknown_low_confidence,unknown,1.5,True,empirical_v2,observational_field,section:results,,,,,,,,,,,,,,,
doi:10.1371/journal.pone.0123783,10.1371/journal.pone.0123783,F-Formation Detection: Individuating Free-Standing Conversational Groups in Images,2015,,/Users/davidusa/REPOS/Article_Finder_v3_2_3/data/pdfs/10.1371_journal.pone.0123783.pdf,completed_pdf_extracted,2026-02-16T18:00:14.639045+00:00,2026-02-16T18:23:48.242826+00:00,table_remake_required,run_realtime_table_rule_intake,/Users/davidusa/REPOS/Article_Finder_v3_2_3/data/pdfs/10.1371_journal.pone.0123783.pdf,20,368,,paper_classifier_v2,0.9091,theory_mentions_deweighted_due_to_empirical_core,conceptual_framework,1.5,False,conceptual_framework,narrative_review,title_pattern:taxonom(y|ic),data/production/pdf_preprocess_cache/doi:10.1371/journal.pone.0123783.json,2026-02-14T10:17:37.772176+00:00,0.00000000,0,,25,25,ready,61404,,,,,,
doi:10.1371/journal.pone.0243259,10.1371/journal.pone.0243259,"Abrupt light transitions in illuminance and correlated colour temperature result in different temporal dynamics and interindividual variability for sensation, comfort and alertness",2021,,/Users/davidusa/REPOS/Article_Finder_v3_2_3/data/pdfs/10.1371_journal.pone.0243259.pdf,completed_pdf_extracted,2026-02-16T18:00:14.639045+00:00,2026-02-16T18:24:26.645667+00:00,table_remake_required,run_realtime_table_rule_intake,/Users/davidusa/REPOS/Article_Finder_v3_2_3/data/pdfs/10.1371_journal.pone.0243259.pdf,3,119,,paper_classifier_v2,0.5455,downgraded_to_unknown_low_confidence,unknown,1.5,True,empirical_v2,observational_field,section:results,,,,,,,,,,,119,3,completed_pdf_extracted,timeout_after_75s,error_pdf_timeout
doi:10.1371/journal.pone.0265412,10.1371/journal.pone.0265412,Aesthetic judgment of architecture for Chinese observers,2022,,/Users/davidusa/REPOS/Article_Finder_v3_2_3/data/pdfs/10.1371_journal.pone.0265412.pdf,completed_pdf_extracted,2026-02-16T18:00:14.639045+00:00,2026-02-16T18:24:26.645667+00:00,table_remake_required,run_realtime_table_rule_intake,/Users/davidusa/REPOS/Article_Finder_v3_2_3/data/pdfs/10.1371_journal.pone.0265412.pdf,4,60,,paper_classifier_v2,0.5455,downgraded_to_unknown_low_confidence,unknown,1.5,True,empirical_v2,observational_field,section:results,data/production/pdf_preprocess_cache/doi:10.1371/journal.pone.0265412.json,2026-02-14T10:17:37.772176+00:00,0.00000000,0,,8,8,ready,19999,,,,,,
doi:10.1371/journal.pone.0307934,10.1371/journal.pone.0307934,The effects of different designs of indoor biophilic greening on psychological and physiological responses and cognitive performance of office workers,2024,PLoS ONE,/Users/davidusa/REPOS/Article_Finder_v3_2_3/data/pdfs/10.1371_journal.pone.0307934.pdf,completed_pdf_extracted,2026-02-16T18:00:14.639045+00:00,2026-02-16T18:24:26.645667+00:00,table_remake_required,run_realtime_table_rule_intake,/Users/davidusa/REPOS/Article_Finder_v3_2_3/data/pdfs/10.1371_journal.pone.0307934.pdf,3,116,,paper_classifier_v2,0.2182,downgraded_to_unknown_low_confidence,unknown,0.2,True,empirical_v2,observational_field,default_empirical_from_structural_core,,,,,,,,,,,134,3,completed_pdf_extracted,timeout_after_75s,error_pdf_timeout
doi:10.14288/1.0071305,10.14288/1.0071305,Wood in the human environment : restorative properties of wood in the built indoor environment,2010,,/Users/davidusa/REPOS/Article_Finder_v3_2_3/data/pdfs/10.14288_1.0071305.pdf,completed_pdf_extracted,2026-02-16T18:00:14.639045+00:00,2026-02-16T18:24:26.645667+00:00,table_remake_required,run_realtime_table_rule_intake,/Users/davidusa/REPOS/Article_Finder_v3_2_3/data/pdfs/10.14288_1.0071305.pdf,38,451,,paper_classifier_v2,0.0,downgraded_to_unknown_low_confidence,unknown,0.0,True,unknown,theoretical,,,,,,,,,,,,,,,,
doi:10.15126/thesis.901052,10.15126/thesis.901052,Spatial Navigation and Negative Emotions: The Effect of Emotion Processing on Wayfinding and Visuospatial Working Memory,2024,,/Users/davidusa/REPOS/Article_Finder_v3_2_3/data/pdfs/10.15126_thesis.901052.pdf,completed_pdf_extracted,2026-02-16T18:00:14.639045+00:00,2026-02-16T18:27:14.660611+00:00,table_remake_required,run_realtime_table_rule_intake,/Users/davidusa/REPOS/Article_Finder_v3_2_3/data/pdfs/10.15126_thesis.901052.pdf,184,1146,,paper_classifier_v2,1.0,,empirical_v2,3.3,False,empirical_v2,observational_field,"section:results|empirical_method_hits:participants,experiment",,,,,,,,,,,,,,,
doi:10.1613/jair.301,10.1613/jair.301,Reinforcement Learning: A Survey,1996,Journal of Artificial Intelligence Research,/Users/davidusa/REPOS/Article_Finder_v3_2_3/data/pdfs/10.1613_jair.301.pdf,completed_pdf_extracted,2026-02-16T18:00:14.639045+00:00,2026-02-16T18:27:14.660611+00:00,table_remake_required,run_realtime_table_rule_intake,/Users/davidusa/REPOS/Article_Finder_v3_2_3/data/pdfs/10.1613_jair.301.pdf,16,36,,paper_classifier_v2,0.4,downgraded_to_unknown_low_confidence,unknown,0.2,True,thought_piece,empirical_v2,title_pattern:perspective,,,,,,,,,,,0,0,completed_pdf_no_claims,,
doi:10.17179/excli2021-3974,10.17179/excli2021-3974,Effect of warm/cool white lights on visual perception and mood in warm/cool color environments,2021,,/Users/davidusa/REPOS/Article_Finder_v3_2_3/data/pdfs/10.17179_excli2021-3974.pdf,completed_pdf_extracted,2026-02-16T18:00:14.639045+00:00,2026-02-16T18:27:14.660611+00:00,table_remake_required,run_realtime_table_rule_intake,/Users/davidusa/REPOS/Article_Finder_v3_2_3/data/pdfs/10.17179_excli2021-3974.pdf,7,83,,paper_classifier_v2,0.2182,downgraded_to_unknown_low_confidence,unknown,0.2,True,empirical_v2,observational_field,default_empirical_from_structural_core,,,,,,,,,,,,,,,
doi:10.17863/cam.41365,10.17863/cam.41365,Tranquillity by design - Architectural and landscape interventions to improve the soundscape quality in urban areas exposed to aircraft noise,2019,,/Users/davidusa/REPOS/Article_Finder_v3_2_3/data/pdfs/10.17863_cam.41365.pdf,completed_pdf_extracted,2026-02-16T18:00:14.639045+00:00,2026-02-16T18:27:14.660611+00:00,table_remake_required,run_realtime_table_rule_intake,/Users/davidusa/REPOS/Article_Finder_v3_2_3/data/pdfs/10.17863_cam.41365.pdf,30,444,,paper_classifier_v2,0.3636,downgraded_to_unknown_low_confidence,unknown,0.0,True,observational_field,thought_piece,title_pattern:in[-\s]?situ,,,,,,,,,,,,,,,
doi:10.18419/opus-9385,10.18419/opus-9385,"Simultaneous optimization of office building facades in terms of both energy consumption and transparency in hot arid climates, analysed on the example of Cairo",2017,,/Users/davidusa/REPOS/Article_Finder_v3_2_3/data/pdfs/10.18419_opus-9385.pdf,completed_pdf_extracted,2026-02-16T18:00:14.639045+00:00,2026-02-16T18:31:08.134814+00:00,table_remake_required,run_realtime_table_rule_intake,/Users/davidusa/REPOS/Article_Finder_v3_2_3/data/pdfs/10.18419_opus-9385.pdf,331,659,,paper_classifier_v2,0.5455,downgraded_to_unknown_low_confidence,unknown,1.5,True,empirical_v2,observational_field,section:results,data/production/pdf_preprocess_cache/doi:10.18419/opus-9385.json,2026-02-14T18:27:56.725084+00:00,0.00000000,0,,27,30,ready,99191,,757,348,error_pdf_timeout,,
doi:10.22068/ijaup.761,10.22068/ijaup.761,Factors Influencing Residents' Place Attachment: Case Study in Tehran,2024,,/Users/davidusa/REPOS/Article_Finder_v3_2_3/data/pdfs/10.22068_ijaup.761.pdf,completed_pdf_extracted,2026-02-16T18:00:14.639045+00:00,2026-02-16T18:31:08.134814+00:00,table_remake_required,run_realtime_table_rule_intake,/Users/davidusa/REPOS/Article_Finder_v3_2_3/data/pdfs/10.22068_ijaup.761.pdf,1,1,,paper_classifier_v2,0.6364,,case_study,1.5,False,case_study,narrative_review,title_pattern:case\s+study,,,,,,,,,,,,,,,
doi:10.24382/5191,10.24382/5191,"Integrating Natural Light for Wellbeing, Performance, and Quality Care Delivery in Healthcare Environments",2024,,/Users/davidusa/REPOS/Article_Finder_v3_2_3/data/pdfs/10.24382_5191.pdf,completed_pdf_extracted,2026-02-16T18:00:14.639045+00:00,2026-02-16T18:31:08.134814+00:00,table_remake_required,run_realtime_table_rule_intake,/Users/davidusa/REPOS/Article_Finder_v3_2_3/data/pdfs/10.24382_5191.pdf,46,958,,paper_classifier_v2,0.4545,downgraded_to_unknown_low_confidence,unknown,0.5,True,mixed_methods,empirical_v2,title_pattern:mixed[-\s]?method,,,,,,,,,,,,,,,
doi:10.25916/sut.26402764.v1,10.25916/sut.26402764.v1,The impact of nonvisual effects of daylight on building occupants: Implications on lighting standards and human centric lighting design,2024,,/Users/davidusa/REPOS/Article_Finder_v3_2_3/data/pdfs/10.25916_sut.26402764.v1.pdf,completed_pdf_extracted,2026-02-16T18:00:14.639045+00:00,2026-02-16T18:31:08.134814+00:00,table_remake_required,run_realtime_table_rule_intake,/Users/davidusa/REPOS/Article_Finder_v3_2_3/data/pdfs/10.25916_sut.26402764.v1.pdf,41,1358,,paper_classifier_v2,0.5455,downgraded_to_unknown_low_confidence,unknown,1.5,True,empirical_v2,observational_field,section:results,data/production/pdf_preprocess_cache/doi:10.25916/sut.26402764.v1.json,2026-02-14T18:27:56.725084+00:00,0.00000000,0,,30,30,ready,72122,,1372,41,error_pdf_timeout,,
doi:10.26204/kluedo/7316,10.26204/kluedo/7316,Exploring effects of lighting in physical and virtual spaces,2023,,/Users/davidusa/REPOS/Article_Finder_v3_2_3/data/pdfs/10.26204_kluedo_7316.pdf,completed_pdf_extracted,2026-02-16T18:00:14.639045+00:00,2026-02-16T18:32:02.605971+00:00,table_remake_required,run_realtime_table_rule_intake,/Users/davidusa/REPOS/Article_Finder_v3_2_3/data/pdfs/10.26204_kluedo_7316.pdf,19,1126,,paper_classifier_v2,0.3636,downgraded_to_unknown_low_confidence,unknown,0.0,True,narrative_review,thought_piece,title_pattern:(?<!systematic\s)review(?!\s+of\s+the\s+literature),,,,,,,,,,,,,,,
doi:10.3389/fbuil.2024.1431780,10.3389/fbuil.2024.1431780,Exploring building materials: human skin as a sensory reference in the absence of visual cues,2024,,/Users/davidusa/REPOS/Article_Finder_v3_2_3/data/pdfs/10.3389_fbuil.2024.1431780.pdf,completed_pdf_extracted,2026-02-16T18:00:14.639045+00:00,2026-02-16T18:32:02.605971+00:00,table_remake_required,run_realtime_table_rule_intake,/Users/davidusa/REPOS/Article_Finder_v3_2_3/data/pdfs/10.3389_fbuil.2024.1431780.pdf,6,64,,paper_classifier_v2,0.5455,downgraded_to_unknown_low_confidence,unknown,1.5,True,empirical_v2,observational_field,section:results,,,,,,,,,,,,,,,
doi:10.3389/fnbeh.2021.735387,10.3389/fnbeh.2021.735387,"Measuring Behavior in the Home Cage: Study Design, Applications, Challenges, and Perspectives",2021,,/Users/davidusa/REPOS/Article_Finder_v3_2_3/data/pdfs/10.3389_fnbeh.2021.735387.pdf,completed_pdf_extracted,2026-02-16T18:00:14.639045+00:00,2026-02-16T18:32:02.605971+00:00,table_remake_required,run_realtime_table_rule_intake,/Users/davidusa/REPOS/Article_Finder_v3_2_3/data/pdfs/10.3389_fnbeh.2021.735387.pdf,1,1,,paper_classifier_v2,0.4909,downgraded_to_unknown_low_confidence,unknown,0.2,True,narrative_review,thought_piece,title_pattern:(?<!systematic\s)review(?!\s+of\s+the\s+literature),,,,,,,,,,,0,0,completed_pdf_no_claims,,
doi:10.3389/fnhum.2021.771711,10.3389/fnhum.2021.771711,The Effects of Working Memory Load on Auditory Distraction in Adults With Attention Deficit Hyperactivity Disorder,2021,,/Users/davidusa/REPOS/Article_Finder_v3_2_3/data/pdfs/10.3389_fnhum.2021.771711.pdf,completed_pdf_extracted,2026-02-16T18:00:14.639045+00:00,2026-02-16T18:32:02.605971+00:00,table_remake_required,run_realtime_table_rule_intake,/Users/davidusa/REPOS/Article_Finder_v3_2_3/data/pdfs/10.3389_fnhum.2021.771711.pdf,6,148,,paper_classifier_v2,0.5455,downgraded_to_unknown_low_confidence,unknown,1.5,True,empirical_v2,observational_field,section:results,data/production/pdf_preprocess_cache/doi:10.3389/fnhum.2021.771711.json,2026-02-14T10:17:37.772176+00:00,0.00000000,0,,15,15,ready,77777,,116,0,completed_pdf_extracted,timeout_after_75s,error_pdf_timeout
doi:10.3389/fnsys.2021.672740,10.3389/fnsys.2021.672740,A Developmental Framework for Embodiment Research: The Next Step Toward Integrating Concepts and Methods,2021,,/Users/davidusa/REPOS/Article_Finder_v3_2_3/data/pdfs/10.3389_fnsys.2021.672740.pdf,completed_pdf_extracted,2026-02-16T18:00:14.639045+00:00,2026-02-16T18:33:45.004239+00:00,table_remake_required,run_realtime_table_rule_intake,/Users/davidusa/REPOS/Article_Finder_v3_2_3/data/pdfs/10.3389_fnsys.2021.672740.pdf,8,351,,paper_classifier_v2,0.7273,,thought_piece,2.0,False,thought_piece,empirical_v2,title_pattern:perspective,,,,,,,,,,,,,,,
doi:10.3389/fpsyg.2015.00637,10.3389/fpsyg.2015.00637,Ecological validity of virtual environments to assess human navigation ability,2015,,/Users/davidusa/REPOS/Article_Finder_v3_2_3/data/pdfs/10.3389_fpsyg.2015.00637.pdf,completed_pdf_extracted,2026-02-16T18:00:14.639045+00:00,2026-02-16T18:33:45.004239+00:00,table_remake_required,run_realtime_table_rule_intake,/Users/davidusa/REPOS/Article_Finder_v3_2_3/data/pdfs/10.3389_fpsyg.2015.00637.pdf,30,219,,paper_classifier_v2,0.5455,downgraded_to_unknown_low_confidence,unknown,1.5,True,empirical_v2,observational_field,section:results,,,,,,,,,,,69,30,completed_pdf_extracted,timeout_after_75s,error_pdf_timeout
doi:10.3389/fpsyg.2017.01454,10.3389/fpsyg.2017.01454,The Influences of Emotion on Learning and Memory,2017,,/Users/davidusa/REPOS/Article_Finder_v3_2_3/data/pdfs/10.3389_fpsyg.2017.01454.pdf,completed_pdf_extracted,2026-02-16T18:00:14.639045+00:00,2026-02-16T18:33:45.004239+00:00,table_remake_required,run_realtime_table_rule_intake,/Users/davidusa/REPOS/Article_Finder_v3_2_3/data/pdfs/10.3389_fpsyg.2017.01454.pdf,87,525,,paper_classifier_v2,0.8545,,narrative_review,2.2,False,narrative_review,theoretical,title_pattern:(?<!systematic\s)review(?!\s+of\s+the\s+literature),,,,,,,,,,,,,,,
doi:10.3390/app11093942,10.3390/app11093942,Indoor Acoustic Requirements for Autism-Friendly Spaces,2021,,/Users/davidusa/REPOS/Article_Finder_v3_2_3/data/pdfs/10.3390_app11093942.pdf,completed_pdf_extracted,2026-02-16T18:00:14.639045+00:00,2026-02-16T18:33:45.004239+00:00,table_remake_required,run_realtime_table_rule_intake,/Users/davidusa/REPOS/Article_Finder_v3_2_3/data/pdfs/10.3390_app11093942.pdf,13,109,,paper_classifier_v2,0.0,downgraded_to_unknown_low_confidence,unknown,0.0,True,unknown,theoretical,,,,,,,,,,,,,,,,
doi:10.3390/app13052950,10.3390/app13052950,Improved Stress Classification Using Automatic Feature Selection from Heart Rate and Respiratory Rate Time Signals,2023,,/Users/davidusa/REPOS/Article_Finder_v3_2_3/data/pdfs/10.3390_app13052950.pdf,completed_pdf_extracted,2026-02-16T18:00:14.639045+00:00,2026-02-16T18:34:08.749286+00:00,table_remake_required,run_realtime_table_rule_intake,/Users/davidusa/REPOS/Article_Finder_v3_2_3/data/pdfs/10.3390_app13052950.pdf,5,59,,paper_classifier_v2,0.2909,downgraded_to_unknown_low_confidence,unknown,0.4,True,empirical_v2,observational_field,empirical_quant_combo:regression,,,,,,,,,,,,,,,
doi:10.3390/buildings14041115,10.3390/buildings14041115,"Impacts of Static Lighting in Confined Spaces on the Circadian Parameters, Alertness, Performance and Well-Being",2024,,/Users/davidusa/REPOS/Article_Finder_v3_2_3/data/pdfs/10.3390_buildings14041115.pdf,completed_pdf_extracted,2026-02-16T18:00:14.639045+00:00,2026-02-16T18:34:08.749286+00:00,table_remake_required,run_realtime_table_rule_intake,/Users/davidusa/REPOS/Article_Finder_v3_2_3/data/pdfs/10.3390_buildings14041115.pdf,2,57,,paper_classifier_v2,0.5455,downgraded_to_unknown_low_confidence,unknown,1.5,True,empirical_v2,observational_field,section:results,,,,,,,,,,,,,,,
doi:10.3390/buildings14103293,10.3390/buildings14103293,Enhancing Cognitive Performance and Physiological Benefit in Workspaces Through Patterns of Biophilic Design: A Restorative Approach,2024,Buildings,/Users/davidusa/REPOS/Article_Finder_v3_2_3/data/pdfs/10.3390_buildings14103293.pdf,completed_pdf_extracted,2026-02-16T18:00:14.639045+00:00,2026-02-16T18:34:08.749286+00:00,table_remake_required,run_realtime_table_rule_intake,/Users/davidusa/REPOS/Article_Finder_v3_2_3/data/pdfs/10.3390_buildings14103293.pdf,5,102,,paper_classifier_v2,0.5455,downgraded_to_unknown_low_confidence,unknown,1.5,True,empirical_v2,observational_field,section:results,,,,,,,,,,,102,5,completed_pdf_extracted,,
doi:10.3390/buildings14113408,10.3390/buildings14113408,Exploring Soundscape Assessment Methods in Office Environments: A Systematic Review,2024,,/Users/davidusa/REPOS/Article_Finder_v3_2_3/data/pdfs/10.3390_buildings14113408.pdf,completed_pdf_extracted,2026-02-16T18:00:14.639045+00:00,2026-02-16T18:34:08.749286+00:00,table_remake_required,run_realtime_table_rule_intake,/Users/davidusa/REPOS/Article_Finder_v3_2_3/data/pdfs/10.3390_buildings14113408.pdf,4,68,,paper_classifier_v2,0.8,,narrative_review,1.2,False,narrative_review,systematic_review,title_pattern:(?<!systematic\s)review(?!\s+of\s+the\s+literature)|review_hits:systematic review,,,,,,,,,,,,,,,
doi:10.3390/buildings7020032,10.3390/buildings7020032,Patterns of Growth—Biomimetics and Architectural Design,2017,,/Users/davidusa/REPOS/Article_Finder_v3_2_3/data/pdfs/10.3390_buildings7020032.pdf,completed_pdf_extracted,2026-02-16T18:00:14.639045+00:00,2026-02-16T18:35:23.597504+00:00,table_remake_required,run_realtime_table_rule_intake,/Users/davidusa/REPOS/Article_Finder_v3_2_3/data/pdfs/10.3390_buildings7020032.pdf,16,1136,,paper_classifier_v2,0.6545,,empirical_v2,1.8,False,empirical_v2,observational_field,"empirical_method_hits:methods,experimental",,,,,,,,,,,,,,,
doi:10.3390/gels4020043,10.3390/gels4020043,Advanced Recycled Polyethylene Terephthalate Aerogels from Plastic Waste for Acoustic and Thermal Insulation Applications,2018,,/Users/davidusa/REPOS/Article_Finder_v3_2_3/data/pdfs/10.3390_gels4020043.pdf,completed_pdf_extracted,2026-02-16T18:00:14.639045+00:00,2026-02-16T18:35:23.597504+00:00,table_remake_required,run_realtime_table_rule_intake,/Users/davidusa/REPOS/Article_Finder_v3_2_3/data/pdfs/10.3390_gels4020043.pdf,4,37,,paper_classifier_v2,0.5455,downgraded_to_unknown_low_confidence,unknown,1.5,True,empirical_v2,observational_field,section:results,,,,,,,,,,,,,,,
doi:10.3390/ijerph10041439,10.3390/ijerph10041439,How Pleasant Sounds Promote and Annoying Sounds Impede Health: A Cognitive Approach,2013,International Journal of Environmental Research and Public Health,/Users/davidusa/REPOS/Article_Finder_v3_2_3/data/pdfs/10.3390_ijerph10041439.pdf,completed_pdf_extracted,2026-02-16T18:00:14.639045+00:00,2026-02-16T18:35:23.597504+00:00,table_remake_required,run_realtime_table_rule_intake,/Users/davidusa/REPOS/Article_Finder_v3_2_3/data/pdfs/10.3390_ijerph10041439.pdf,3,52,,paper_classifier_v2,0.0,downgraded_to_unknown_low_confidence,unknown,0.0,True,unknown,theoretical,,,,,,,,,,,,,,,,
doi:10.3390/ijerph110202108,10.3390/ijerph110202108,"Effects of Age, Season, Gender and Urban-Rural Status on Time-Activity: Canadian Human Activity Pattern Survey 2 (CHAPS 2)",2014,,/Users/davidusa/REPOS/Article_Finder_v3_2_3/data/pdfs/10.3390_ijerph110202108.pdf,completed_pdf_extracted,2026-02-16T18:00:14.639045+00:00,2026-02-16T18:35:23.597504+00:00,table_remake_required,run_realtime_table_rule_intake,/Users/davidusa/REPOS/Article_Finder_v3_2_3/data/pdfs/10.3390_ijerph110202108.pdf,11,93,,paper_classifier_v2,0.5455,downgraded_to_unknown_low_confidence,unknown,1.5,True,empirical_v2,observational_field,section:results,data/production/pdf_preprocess_cache/doi:10.3390/ijerph110202108.json,2026-02-14T18:27:56.725084+00:00,0.00000000,0,,17,17,ready,46914,,0,0,error_pdf_timeout,,
doi:10.3390/ijerph182312510,10.3390/ijerph182312510,The Living Space: Psychological Well-Being and Mental Health in Response to Interiors Presented in Virtual Reality,2021,,/Users/davidusa/REPOS/Article_Finder_v3_2_3/data/pdfs/10.3390_ijerph182312510.pdf,completed_pdf_extracted,2026-02-16T18:00:14.639045+00:00,2026-02-16T18:35:58.231665+00:00,table_remake_required,run_realtime_table_rule_intake,/Users/davidusa/REPOS/Article_Finder_v3_2_3/data/pdfs/10.3390_ijerph182312510.pdf,3,104,,paper_classifier_v2,0.2182,downgraded_to_unknown_low_confidence,unknown,0.2,True,empirical_v2,observational_field,default_empirical_from_structural_core,data/production/pdf_preprocess_cache/doi:10.3390/ijerph182312510.json,2026-02-14T10:17:37.772176+00:00,0.00070970,63,,20,20,ready,88770,,0,0,completed_pdf_no_claims,,
doi:10.3390/land13121978,10.3390/land13121978,Exploring the Application of Neurostructural Principles to the Design of Public Spaces on University Campuses,2024,,/Users/davidusa/REPOS/Article_Finder_v3_2_3/data/pdfs/10.3390_land13121978.pdf,completed_pdf_extracted,2026-02-16T18:00:14.639045+00:00,2026-02-16T18:35:58.231665+00:00,table_remake_required,run_realtime_table_rule_intake,/Users/davidusa/REPOS/Article_Finder_v3_2_3/data/pdfs/10.3390_land13121978.pdf,1,111,,paper_classifier_v2,0.8364,,empirical_v2,1.3,False,empirical_v2,case_study,"section:results|empirical_method_hits:participants,methods",,,,,,,,,,,,,,,
doi:10.3390/s24237838,10.3390/s24237838,Brain and Subjective Responses to Indoor Environments Related to Concentration and Creativity,2024,,/Users/davidusa/REPOS/Article_Finder_v3_2_3/data/pdfs/10.3390_s24237838_1.pdf,completed_pdf_extracted,2026-02-16T18:00:14.639045+00:00,2026-02-16T18:35:58.231665+00:00,table_remake_required,run_realtime_table_rule_intake,/Users/davidusa/REPOS/Article_Finder_v3_2_3/data/pdfs/10.3390_s24237838_1.pdf,1,33,,paper_classifier_v2,1.0,,empirical_v2,3.3,False,empirical_v2,observational_field,"section:results|empirical_method_hits:participants,experimental",data/production/pdf_preprocess_cache/doi:10.3390/s24237838.json,2026-02-14T10:17:37.772176+00:00,0.00000000,0,,25,25,ready,156085,,,,,,
doi:10.3390/su12051830,10.3390/su12051830,Examining the Quasi-Public Spaces in Commercial Complexes,2020,,/Users/davidusa/REPOS/Article_Finder_v3_2_3/data/pdfs/10.3390_su12051830.pdf,completed_pdf_extracted,2026-02-16T18:00:14.639045+00:00,2026-02-16T18:35:58.231665+00:00,table_remake_required,run_realtime_table_rule_intake,/Users/davidusa/REPOS/Article_Finder_v3_2_3/data/pdfs/10.3390_su12051830.pdf,10,88,,paper_classifier_v2,0.5455,downgraded_to_unknown_low_confidence,unknown,1.5,True,empirical_v2,observational_field,section:results,data/production/pdf_preprocess_cache/doi:10.3390/su12051830.json,2026-02-14T18:27:56.725084+00:00,0.00030870,17,,16,16,ready,55069,,0,0,error_pdf_timeout,,
doi:10.3390/su12104263,10.3390/su12104263,Towards a Sustainable Indoor Lighting Design: Effects of Artificial Light on the Emotional State of Adolescents in the Classroom,2020,,/Users/davidusa/REPOS/Article_Finder_v3_2_3/data/pdfs/10.3390_su12104263.pdf,completed_pdf_extracted,2026-02-16T18:00:14.639045+00:00,2026-02-16T18:36:16.231610+00:00,table_remake_required,run_realtime_table_rule_intake,/Users/davidusa/REPOS/Article_Finder_v3_2_3/data/pdfs/10.3390_su12104263.pdf,2,175,,paper_classifier_v2,0.5455,downgraded_to_unknown_low_confidence,unknown,1.5,True,empirical_v2,observational_field,section:results,data/production/pdf_preprocess_cache/doi:10.3390/su12104263.json,2026-02-14T18:27:56.725084+00:00,0.00016214,17,,27,27,ready,104846,,0,0,error_pdf_timeout,,
doi:10.3390/su12176760,10.3390/su12176760,A Review of Smart Design Based on Interactive Experience in Building Systems,2020,,/Users/davidusa/REPOS/Article_Finder_v3_2_3/data/pdfs/10.3390_su12176760.pdf,completed_pdf_extracted,2026-02-16T18:00:14.639045+00:00,2026-02-16T18:36:16.231610+00:00,table_remake_required,run_realtime_table_rule_intake,/Users/davidusa/REPOS/Article_Finder_v3_2_3/data/pdfs/10.3390_su12176760.pdf,13,138,,paper_classifier_v2,0.8,,narrative_review,1.2,False,narrative_review,thought_piece,"title_pattern:(?<!systematic\s)review(?!\s+of\s+the\s+literature)|review_hits:literature review,review of",,,,,,,,,,,,,,,
doi:10.3390/su12239813,10.3390/su12239813,Application of Biomimetics to Architectural and Urban Design: A Review across Scales,2020,,/Users/davidusa/REPOS/Article_Finder_v3_2_3/data/pdfs/10.3390_su12239813.pdf,completed_pdf_extracted,2026-02-16T18:00:14.639045+00:00,2026-02-16T18:36:16.231610+00:00,table_remake_required,run_realtime_table_rule_intake,/Users/davidusa/REPOS/Article_Finder_v3_2_3/data/pdfs/10.3390_su12239813.pdf,1,77,,paper_classifier_v2,0.7273,,narrative_review,2.0,False,narrative_review,empirical_v2,title_pattern:(?<!systematic\s)review(?!\s+of\s+the\s+literature),,,,,,,,,,,,,,,
doi:10.3390/su14137885,10.3390/su14137885,Sensory Perception Mechanism for Preparing the Combinations of Stimuli Operation in the Architectural Experience,2022,,/Users/davidusa/REPOS/Article_Finder_v3_2_3/data/pdfs/10.3390_su14137885.pdf,completed_pdf_extracted,2026-02-16T18:00:14.639045+00:00,2026-02-16T18:36:16.231610+00:00,table_remake_required,run_realtime_table_rule_intake,/Users/davidusa/REPOS/Article_Finder_v3_2_3/data/pdfs/10.3390_su14137885.pdf,4,96,,paper_classifier_v2,0.2182,downgraded_to_unknown_low_confidence,unknown,0.2,True,empirical_v2,observational_field,default_empirical_from_structural_core,,,,,,,,,,,,,,,
doi:10.3390/su152216104,10.3390/su152216104,Examining the Impact of Crowding Perception on the Generation of Negative Emotions among Users of Small Urban Micro Public Spaces,2023,,/Users/davidusa/REPOS/Article_Finder_v3_2_3/data/pdfs/10.3390_su152216104.pdf,completed_pdf_extracted,2026-02-16T18:00:14.639045+00:00,2026-02-16T18:36:47.428003+00:00,table_remake_required,run_realtime_table_rule_intake,/Users/davidusa/REPOS/Article_Finder_v3_2_3/data/pdfs/10.3390_su152216104.pdf,8,107,,paper_classifier_v2,0.5455,downgraded_to_unknown_low_confidence,unknown,1.5,True,empirical_v2,observational_field,section:results,data/production/pdf_preprocess_cache/doi:10.3390/su152216104.json,2026-02-14T18:27:56.725084+00:00,0.00000000,0,,25,25,ready,103234,,0,1,error_pdf_timeout,,
doi:10.3390/su16124935,10.3390/su16124935,Green Emotion: Incorporating Emotional Perception in Green Marketing to Increase Green Furniture Purchase Intentions,2024,,/Users/davidusa/REPOS/Article_Finder_v3_2_3/data/pdfs/10.3390_su16124935.pdf,completed_pdf_extracted,2026-02-16T18:00:14.639045+00:00,2026-02-16T18:36:47.428003+00:00,table_remake_required,run_realtime_table_rule_intake,/Users/davidusa/REPOS/Article_Finder_v3_2_3/data/pdfs/10.3390_su16124935.pdf,2,108,,paper_classifier_v2,1.0,theory_mentions_deweighted_due_to_empirical_core,theoretical,1.2,False,theoretical,narrative_review,"title_pattern:theor(y|etical)\s+(of|for|about)|title_pattern:conceptual\s+model|theory_hits:theory of,theoretical framework,conceptual model",,,,,,,,,,,,,,,
doi:10.3390/su162310251,10.3390/su162310251,Color as a Key Factor in Creating Sustainable Living Spaces for Seniors,2024,,/Users/davidusa/REPOS/Article_Finder_v3_2_3/data/pdfs/10.3390_su162310251.pdf,completed_pdf_extracted,2026-02-16T18:00:14.639045+00:00,2026-02-16T18:36:47.428003+00:00,table_remake_required,run_realtime_table_rule_intake,/Users/davidusa/REPOS/Article_Finder_v3_2_3/data/pdfs/10.3390_su162310251.pdf,2,41,,paper_classifier_v2,0.3273,downgraded_to_unknown_low_confidence,unknown,0.3,True,empirical_v2,narrative_review,section:results,,,,,,,,,,,0,0,completed_pdf_no_claims,,
doi:10.3758/s13421-021-01209-7,10.3758/s13421-021-01209-7,Individual differences in mental imagery in different modalities and levels of intentionality,2022,,/Users/davidusa/REPOS/Article_Finder_v3_2_3/data/pdfs/10.3758_s13421-021-01209-7.pdf,completed_pdf_extracted,2026-02-16T18:00:14.639045+00:00,2026-02-16T18:36:47.428003+00:00,table_remake_required,run_realtime_table_rule_intake,/Users/davidusa/REPOS/Article_Finder_v3_2_3/data/pdfs/10.3758_s13421-021-01209-7.pdf,13,83,,paper_classifier_v2,0.5455,downgraded_to_unknown_low_confidence,unknown,1.5,True,empirical_v2,observational_field,section:results,,,,,,,,,,,,,,,
doi:10.3758/s13428-019-01242-0,10.3758/s13428-019-01242-0,Studying human behavior with virtual reality: The Unity Experiment Framework,2020,,/Users/davidusa/REPOS/Article_Finder_v3_2_3/data/pdfs/10.3758_s13428-019-01242-0.pdf,completed_pdf_extracted,2026-02-16T18:00:14.639045+00:00,2026-02-16T18:37:37.721340+00:00,table_remake_required,run_realtime_table_rule_intake,/Users/davidusa/REPOS/Article_Finder_v3_2_3/data/pdfs/10.3758_s13428-019-01242-0.pdf,5,122,,paper_classifier_v2,0.4,theory_mentions_deweighted_due_to_empirical_core|downgraded_to_unknown_low_confidence,unknown,0.2,True,case_study,empirical_v2,title_pattern:case\s+study,,,,,,,,,,,0,0,error_pdf_timeout,,
doi:10.48550/arxiv.2309.15840,10.48550/arxiv.2309.15840,How to Catch an AI Liar: Lie Detection in Black-Box LLMs by Asking Unrelated Questions,2023,,/Users/davidusa/REPOS/Article_Finder_v3_2_3/data/pdfs/10.48550_arxiv.2309.15840.pdf,completed_pdf_extracted,2026-02-16T18:00:14.639045+00:00,2026-02-16T18:37:37.721340+00:00,table_remake_required,run_realtime_table_rule_intake,/Users/davidusa/REPOS/Article_Finder_v3_2_3/data/pdfs/10.48550_arxiv.2309.15840.pdf,1,180,,paper_classifier_v2,0.4,downgraded_to_unknown_low_confidence,unknown,0.7,True,empirical_v2,observational_field,section:results,data/production/pdf_preprocess_cache/doi:10.48550/arxiv.2309.15840.json,2026-02-14T18:27:56.725084+00:00,0.00000000,0,,18,18,ready,78298,,0,0,error_pdf_timeout,,
doi:10.48550/arxiv.2406.02728,10.48550/arxiv.2406.02728,Impacts of Illuminance and Correlated Color Temperature on Cognitive Performance: A VR-Lighting Study,2024,,/Users/davidusa/REPOS/Article_Finder_v3_2_3/data/pdfs/10.48550_arxiv.2406.02728.pdf,completed_pdf_extracted,2026-02-16T18:00:14.639045+00:00,2026-02-16T18:37:37.721340+00:00,table_remake_required,run_realtime_table_rule_intake,/Users/davidusa/REPOS/Article_Finder_v3_2_3/data/pdfs/10.48550_arxiv.2406.02728.pdf,1,85,,paper_classifier_v2,1.0,,empirical_v2,3.3,False,empirical_v2,observational_field,"section:results|empirical_method_hits:participants,methods",,,,,,,,,,,,,,,
doi:10.54864/planarch.1491955,10.54864/planarch.1491955,Integrating Nature into Academic Spaces: Biophilic Campus,2024,,/Users/davidusa/REPOS/Article_Finder_v3_2_3/data/pdfs/10.54864_planarch.1491955.pdf,completed_pdf_extracted,2026-02-16T18:00:14.639045+00:00,2026-02-16T18:37:37.721340+00:00,table_remake_required,run_realtime_table_rule_intake,/Users/davidusa/REPOS/Article_Finder_v3_2_3/data/pdfs/10.54864_planarch.1491955.pdf,47,364,,paper_classifier_v2,0.2182,downgraded_to_unknown_low_confidence,unknown,0.2,True,empirical_v2,observational_field,default_empirical_from_structural_core,,,,,,,,,,,207,47,completed_pdf_extracted,timeout_after_75s,error_pdf_timeout
doi:10.7302/1414,10.7302/1414,Aural Architecture as Affect: Understanding the Impact of Acoustic Environments on Human Experience,2021,,/Users/davidusa/REPOS/Article_Finder_v3_2_3/data/pdfs/10.7302_1414.pdf,completed_pdf_extracted,2026-02-16T18:00:14.639045+00:00,2026-02-16T18:39:28.388772+00:00,table_remake_required,run_realtime_table_rule_intake,/Users/davidusa/REPOS/Article_Finder_v3_2_3/data/pdfs/10.7302_1414.pdf,7,228,,paper_classifier_v2,0.5455,downgraded_to_unknown_low_confidence,unknown,1.5,True,empirical_v2,observational_field,section:results,,,,,,,,,,,219,10,completed_pdf_extracted,timeout_after_75s,error_pdf_timeout
sha256:4f30e0b5608b,,Room acoustics and cognitive load when listening to speech,2010,"Publications (Konstfack University of Arts, Crafts, and Design)",/Users/davidusa/REPOS/Article_Finder_v3_2_3/data/pdfs/Room_acoustics_and_cognitive_load_when_listening_t.pdf,completed_pdf_extracted,2026-02-16T18:00:14.639045+00:00,2026-02-16T18:39:28.388772+00:00,table_remake_required,run_realtime_table_rule_intake,/Users/davidusa/REPOS/Article_Finder_v3_2_3/data/pdfs/Room_acoustics_and_cognitive_load_when_listening_t.pdf,11,251,,paper_classifier_v2,0.5455,downgraded_to_unknown_low_confidence,unknown,1.5,True,empirical_v2,observational_field,section:results,,,,,,,,,,,154,0,completed_pdf_extracted,timeout_after_75s,error_pdf_timeout
zotero:2CHCFQSX,,Towards Measurement of Interaction Quality in Social Robotic Telepresence,,,/Users/davidusa/REPOS/Article_Finder_v3_2_3/data/pdfs/Towards_Measurement_of_Interaction_Quality_in_Soci.pdf,completed_pdf_extracted,2026-02-16T18:00:14.639045+00:00,2026-02-16T18:39:28.388772+00:00,table_remake_required,run_realtime_table_rule_intake,/Users/davidusa/REPOS/Article_Finder_v3_2_3/data/pdfs/Towards_Measurement_of_Interaction_Quality_in_Soci.pdf,6,9,,paper_classifier_v2,0.8545,,theoretical,1.2,False,theoretical,thought_piece,title_pattern:theor(y|etical)\s+(of|for|about)|theory_hits:theory of,,,,,,,,,,,,,,,
zotero:2E64CG9B,,Urban atmospheres,,,/Users/davidusa/REPOS/Article_Finder_v3_2_3/data/pdfs/Urban_atmospheres.pdf,completed_pdf_extracted,2026-02-16T18:00:14.639045+00:00,2026-02-16T18:39:28.388772+00:00,table_remake_required,run_realtime_table_rule_intake,/Users/davidusa/REPOS/Article_Finder_v3_2_3/data/pdfs/Urban_atmospheres.pdf,26,2887,,paper_classifier_v2,0.6364,,phenomenological,1.5,False,phenomenological,narrative_review,title_pattern:phenomenolog,,,,,,,,,,,,,,,
zotero:2K5RUFVM,,The auditory centre: research and design of acoustic environments and spatial sound projects,2008,,/Users/davidusa/REPOS/Article_Finder_v3_2_3/data/pdfs/The_auditory_centre_research_and_design_of_acousti.pdf,completed_pdf_extracted,2026-02-16T18:00:14.639045+00:00,2026-02-16T18:42:26.662858+00:00,table_remake_required,run_realtime_table_rule_intake,/Users/davidusa/REPOS/Article_Finder_v3_2_3/data/pdfs/The_auditory_centre_research_and_design_of_acousti.pdf,41,1180,,paper_classifier_v2,0.0,downgraded_to_unknown_low_confidence,unknown,0.0,True,unknown,theoretical,,,,,,,,,,,,,,,,
zotero:4Q9UNT4M,,Designing Architecture for More: A Framework of Haptic Design Parameters with the Experience of People Born Blind,2011,,/Users/davidusa/REPOS/Article_Finder_v3_2_3/data/pdfs/Designing_Architecture_for_More_A_Framework_of_Hap.pdf,completed_pdf_extracted,2026-02-16T18:00:14.639045+00:00,2026-02-16T18:42:26.662858+00:00,table_remake_required,run_realtime_table_rule_intake,/Users/davidusa/REPOS/Article_Finder_v3_2_3/data/pdfs/Designing_Architecture_for_More_A_Framework_of_Hap.pdf,74,1802,,paper_classifier_v2,0.7273,theory_mentions_deweighted_due_to_empirical_core,interview_study,1.0,False,interview_study,ethnographic,"title_pattern:focus\s+group|qual_hits:interview,focus group,grounded theory",,,,,,,,,,,,,,,
zotero:4QHCLZ4R,,The effects of correlated color temperature on sustained attention and mood of university students in learning environments,2015,,/Users/davidusa/REPOS/Article_Finder_v3_2_3/data/pdfs/The_effects_of_correlated_color_temperature_on_sus.pdf,completed_pdf_extracted,2026-02-16T18:00:14.639045+00:00,2026-02-16T18:42:26.662858+00:00,table_remake_required,run_realtime_table_rule_intake,/Users/davidusa/REPOS/Article_Finder_v3_2_3/data/pdfs/The_effects_of_correlated_color_temperature_on_sus.pdf,32,163,,paper_classifier_v2,0.6545,,empirical_v2,1.8,False,empirical_v2,observational_field,"empirical_method_hits:participants,experiment",,,,,,,,,,,,,,,
zotero:6TNNU66U,,"Learning to act with objects, relations and physics",,,/Users/davidusa/REPOS/Article_Finder_v3_2_3/data/pdfs/Learning_to_act_with_objects_relations_and_physics.pdf,completed_pdf_extracted,2026-02-16T18:00:14.639045+00:00,2026-02-16T18:42:26.662858+00:00,table_remake_required,run_realtime_table_rule_intake,/Users/davidusa/REPOS/Article_Finder_v3_2_3/data/pdfs/Learning_to_act_with_objects_relations_and_physics.pdf,10,100,,paper_classifier_v2,0.5455,downgraded_to_unknown_low_confidence,unknown,1.5,True,empirical_v2,observational_field,section:results,data/production/pdf_preprocess_cache/zotero:6TNNU66U.json,2026-02-14T10:17:37.772176+00:00,0.00000000,0,,25,25,ready,59451,,100,10,completed_pdf_extracted,,
zotero:BDKAMCED,,Annu Haapakangas – SUBJECTIVE REACTIONS TO NOISE IN OPEN-PLAN OFFICES AND THE EFFECTS OF NOISE ON COGNITIVE PERFORMANCE – Problems and Solutions,,,/Users/davidusa/REPOS/Article_Finder_v3_2_3/data/pdfs/Annu_Haapakangas_SUBJECTIVE_REACTIONS_TO_NOISE_IN.pdf,completed_pdf_extracted,2026-02-16T18:00:14.639045+00:00,2026-02-16T18:43:53.153063+00:00,table_remake_required,run_realtime_table_rule_intake,/Users/davidusa/REPOS/Article_Finder_v3_2_3/data/pdfs/Annu_Haapakangas_SUBJECTIVE_REACTIONS_TO_NOISE_IN.pdf,6,366,,paper_classifier_v2,0.5455,downgraded_to_unknown_low_confidence,unknown,1.5,True,empirical_v2,observational_field,section:results,data/production/pdf_preprocess_cache/zotero:BDKAMCED.json,2026-02-14T10:17:37.772176+00:00,0.00000000,0,,25,25,ready,61642,,364,12,completed_pdf_extracted,timeout_after_75s,error_pdf_timeout
zotero:BYQ83W2G,,Associations between urban soundscape perception and emotional states,2023,,/Users/davidusa/REPOS/Article_Finder_v3_2_3/data/pdfs/Associations_between_urban_soundscape_perception_a.pdf,completed_pdf_extracted,2026-02-16T18:00:14.639045+00:00,2026-02-16T18:43:53.153063+00:00,table_remake_required,run_realtime_table_rule_intake,/Users/davidusa/REPOS/Article_Finder_v3_2_3/data/pdfs/Associations_between_urban_soundscape_perception_a.pdf,20,368,,paper_classifier_v2,0.6545,,empirical_v2,1.8,False,empirical_v2,observational_field,"empirical_method_hits:participants,methods",,,,,,,,,,,,,,,
zotero:F4X7UZLU,,Human Centric School Lighting,2015,,/Users/davidusa/REPOS/Article_Finder_v3_2_3/data/pdfs/Human_Centric_School_Lighting.pdf,completed_pdf_extracted,2026-02-16T18:00:14.639045+00:00,2026-02-16T18:43:53.153063+00:00,table_remake_required,run_realtime_table_rule_intake,/Users/davidusa/REPOS/Article_Finder_v3_2_3/data/pdfs/Human_Centric_School_Lighting.pdf,46,419,,paper_classifier_v2,0.5455,downgraded_to_unknown_low_confidence,unknown,1.5,True,empirical_v2,observational_field,section:results,data/production/pdf_preprocess_cache/zotero:F4X7UZLU.json,2026-02-14T18:27:56.725084+00:00,0.00000000,0,,30,30,ready,58407,,377,68,error_pdf_timeout,,
zotero:FIZG8FDN,10.3389/fpsyg.2022.933344,The contour effect: Differences in the aesthetic preference and stress response to photo-realistic living environments,2022,Frontiers in Psychology,/Users/davidusa/Zotero/storage/VQWV4QSE/Nour Tawil et al. - 2022 - The contour effect Differences in the aesthetic preference and stress response to photo-realistic l.pdf,completed_pdf_extracted,2026-02-16T18:00:14.639045+00:00,2026-02-16T18:43:53.153063+00:00,table_remake_required,run_realtime_table_rule_intake,/Users/davidusa/Zotero/storage/VQWV4QSE/Nour Tawil et al. - 2022 - The contour effect Differences in the aesthetic preference and stress response to photo-realistic l.pdf,6,231,,paper_classifier_v2,0.2182,downgraded_to_unknown_low_confidence,unknown,0.2,True,empirical_v2,observational_field,default_empirical_from_structural_core,,,,,,,,,,,191,3,completed_pdf_extracted,timeout_after_75s,error_pdf_timeout
zotero:H2N34YKV,,The Effects of Lighting Color Temperature on Teacher Self-Efficacy,2024,,/Users/davidusa/REPOS/Article_Finder_v3_2_3/data/pdfs/The_Effects_of_Lighting_Color_Temperature_on_Teach.pdf,completed_pdf_extracted,2026-02-16T18:00:14.639045+00:00,2026-02-16T18:44:49.304278+00:00,table_remake_required,run_realtime_table_rule_intake,/Users/davidusa/REPOS/Article_Finder_v3_2_3/data/pdfs/The_Effects_of_Lighting_Color_Temperature_on_Teach.pdf,6,253,,paper_classifier_v2,0.8364,,empirical_v2,1.3,False,empirical_v2,thought_piece,"section:results|empirical_method_hits:participants,methods",,,,,,,,,,,,,,,
zotero:H6V4IFMZ,,Psychological Relationships Between Heritage Buildings and their Occupants: A Theoretical Exploration,2023,,/Users/davidusa/REPOS/Article_Finder_v3_2_3/data/pdfs/Psychological_Relationships_Between_Heritage_Build.pdf,completed_pdf_extracted,2026-02-16T18:00:14.639045+00:00,2026-02-16T18:44:49.304278+00:00,table_remake_required,run_realtime_table_rule_intake,/Users/davidusa/REPOS/Article_Finder_v3_2_3/data/pdfs/Psychological_Relationships_Between_Heritage_Build.pdf,32,161,,paper_classifier_v2,0.7455,,thought_piece,1.8,False,thought_piece,narrative_review,title_pattern:opinion,,,,,,,,,,,,,,,
zotero:MRZL6AGQ,,Creating a psychologically supportive environment through aural architecture,2017,,/Users/davidusa/REPOS/Article_Finder_v3_2_3/data/pdfs/Creating_a_psychologically_supportive_environment_.pdf,completed_pdf_extracted,2026-02-16T18:00:14.639045+00:00,2026-02-16T18:44:49.304278+00:00,table_remake_required,run_realtime_table_rule_intake,/Users/davidusa/REPOS/Article_Finder_v3_2_3/data/pdfs/Creating_a_psychologically_supportive_environment_.pdf,30,219,,paper_classifier_v2,0.2182,downgraded_to_unknown_low_confidence,unknown,0.2,True,empirical_v2,observational_field,default_empirical_from_structural_core,,,,,,,,,,,,,,,
zotero:Q5YDAT65,,Evaluation of the Impact of Design Parameters on the Acoustic Environment Perceived by Primary Students,2024,,/Users/davidusa/REPOS/Article_Finder_v3_2_3/data/pdfs/Evaluation_of_the_Impact_of_Design_Parameters_on_t.pdf,completed_pdf_extracted,2026-02-16T18:00:14.639045+00:00,2026-02-16T18:44:49.304278+00:00,table_remake_required,run_realtime_table_rule_intake,/Users/davidusa/REPOS/Article_Finder_v3_2_3/data/pdfs/Evaluation_of_the_Impact_of_Design_Parameters_on_t.pdf,18,171,,paper_classifier_v2,0.5455,downgraded_to_unknown_low_confidence,unknown,1.5,True,empirical_v2,observational_field,section:results,,,,,,,,,,,59,18,completed_pdf_extracted,timeout_after_75s,error_pdf_timeout
zotero:SMQEULKJ,,Buildings as Habitat: Adaptive Investments in Public Health,,,/Users/davidusa/REPOS/Article_Finder_v3_2_3/data/pdfs/Buildings_as_Habitat_Adaptive_Investments_in_Publi.pdf,completed_pdf_extracted,2026-02-16T18:00:14.639045+00:00,2026-02-16T18:45:14.497205+00:00,table_remake_required,run_realtime_table_rule_intake,/Users/davidusa/REPOS/Article_Finder_v3_2_3/data/pdfs/Buildings_as_Habitat_Adaptive_Investments_in_Publi.pdf,1,1,,paper_classifier_v2,0.0,downgraded_to_unknown_low_confidence,unknown,0.0,True,unknown,theoretical,,,,,,,,,,,,,,,,
zotero:SUUECVYU,,Thermal Pleasure and Alliesthesia in the Built Environment,,,/Users/davidusa/REPOS/Article_Finder_v3_2_3/data/pdfs/Thermal_Pleasure_and_Alliesthesia_in_the_Built_Env.pdf,completed_pdf_extracted,2026-02-16T18:00:14.639045+00:00,2026-02-16T18:45:14.497205+00:00,table_remake_required,run_realtime_table_rule_intake,/Users/davidusa/REPOS/Article_Finder_v3_2_3/data/pdfs/Thermal_Pleasure_and_Alliesthesia_in_the_Built_Env.pdf,4,581,,paper_classifier_v2,0.0,downgraded_to_unknown_low_confidence,unknown,0.0,True,unknown,theoretical,,data/production/pdf_preprocess_cache/zotero:SUUECVYU.json,2026-02-14T10:17:37.772176+00:00,0.00000000,0,,25,25,ready,75054,,,,,,
zotero:TVRKWFKJ,,Prospect and Refuge Theory,,,/Users/davidusa/REPOS/Article_Finder_v3_2_3/data/pdfs/Prospect_and_Refuge_Theory.pdf,completed_pdf_extracted,2026-02-16T18:00:14.639045+00:00,2026-02-16T18:45:14.497205+00:00,table_remake_required,run_realtime_table_rule_intake,/Users/davidusa/REPOS/Article_Finder_v3_2_3/data/pdfs/Prospect_and_Refuge_Theory.pdf,1,5,,paper_classifier_v2,0.6,theory_mentions_deweighted_due_to_empirical_core,theoretical,0.9,False,theoretical,empirical_v2,"title_pattern:theor(y|etical)\s+(of|for|about)|theory_hits:theory of,proposition",,,,,,,,,,,,,,,
