paper_id,status,prior_status,n_tables,n_claims,preprocess_status,pdf_path,processed_at,error,reason
doi:10.3389/frsc.2021.690055,completed_pdf_extracted,error_pdf_timeout,12,205,ready,/Users/davidusa/REPOS/Article_Finder_v3_2_3/data/pdfs/10.3389_frsc.2021.690055.pdf,2026-02-15T00:50:47.328360+00:00,,full_historical_retag_backfill|article_type_priority_tranche_reprocess|timeout_recovery_pipeline|timeout_recovery_pipeline
doi:10.1016/j.asej.2022.101810,completed_pdf_extracted,error_pdf_timeout,4,147,ready,/Users/davidusa/REPOS/Article_Finder_v3_2_3/data/pdfs/10.1016_j.asej.2022.101810.pdf,2026-02-15T00:50:47.328360+00:00,,full_historical_retag_backfill|article_type_priority_tranche_reprocess|timeout_recovery_pipeline|timeout_recovery_pipeline
doi:10.3390/ijerph110202108,completed_pdf_extracted,error_pdf_timeout,11,93,ready,/Users/davidusa/REPOS/Article_Finder_v3_2_3/data/pdfs/10.3390_ijerph110202108.pdf,2026-02-15T00:50:47.328360+00:00,,full_historical_retag_backfill|article_type_priority_tranche_reprocess|timeout_recovery_pipeline|timeout_recovery_pipeline
doi:10.3390/su12051830,completed_pdf_extracted,error_pdf_timeout,10,88,ready,/Users/davidusa/REPOS/Article_Finder_v3_2_3/data/pdfs/10.3390_su12051830.pdf,2026-02-15T00:50:47.328360+00:00,,full_historical_retag_backfill|article_type_priority_tranche_reprocess|timeout_recovery_pipeline|timeout_recovery_pipeline
doi:10.3390/su12104263,completed_pdf_extracted,error_pdf_timeout,2,175,ready,/Users/davidusa/REPOS/Article_Finder_v3_2_3/data/pdfs/10.3390_su12104263.pdf,2026-02-15T00:50:47.328360+00:00,,full_historical_retag_backfill|article_type_priority_tranche_reprocess|timeout_recovery_pipeline|timeout_recovery_pipeline
doi:10.25916/sut.26402764.v1,completed_pdf_extracted,error_pdf_timeout,41,1358,ready,/Users/davidusa/REPOS/Article_Finder_v3_2_3/data/pdfs/10.25916_sut.26402764.v1.pdf,2026-02-15T00:50:47.328360+00:00,,full_historical_retag_backfill|article_type_priority_tranche_reprocess|timeout_recovery_pipeline|timeout_recovery_pipeline
doi:10.24002/jarina.v3i2.9119,completed_pdf_extracted,error_pdf_timeout,0,173,,/Users/davidusa/REPOS/Article_Finder_v3_2_3/data/pdfs/10.24002_jarina.v3i2.9119.pdf,2026-02-15T00:50:47.328360+00:00,,full_historical_retag_backfill|article_type_priority_tranche_reprocess|timeout_recovery_pipeline
doi:10.18419/opus-9385,completed_pdf_extracted,error_pdf_timeout,331,659,ready,/Users/davidusa/REPOS/Article_Finder_v3_2_3/data/pdfs/10.18419_opus-9385.pdf,2026-02-15T00:50:47.328360+00:00,,full_historical_retag_backfill|article_type_priority_tranche_reprocess|timeout_recovery_pipeline|timeout_recovery_pipeline
doi:10.3390/su152216104,completed_pdf_extracted,error_pdf_timeout,8,107,ready,/Users/davidusa/REPOS/Article_Finder_v3_2_3/data/pdfs/10.3390_su152216104.pdf,2026-02-15T00:50:47.328360+00:00,,full_historical_retag_backfill|article_type_priority_tranche_reprocess|timeout_recovery_pipeline|timeout_recovery_pipeline
doi:10.1177/1477153517750714,completed_pdf_extracted,error_pdf_timeout,25,119,ready,/Users/davidusa/REPOS/Article_Finder_v3_2_3/data/pdfs/10.1177_1477153517750714.pdf,2026-02-15T00:50:47.328360+00:00,,full_historical_retag_backfill|article_type_priority_tranche_reprocess|timeout_recovery_pipeline|timeout_recovery_pipeline
zotero:F4X7UZLU,completed_pdf_extracted,error_pdf_timeout,46,419,ready,/Users/davidusa/REPOS/Article_Finder_v3_2_3/data/pdfs/Human_Centric_School_Lighting.pdf,2026-02-15T00:50:47.328360+00:00,,full_historical_retag_backfill|article_type_priority_tranche_reprocess|timeout_recovery_pipeline|timeout_recovery_pipeline
doi:10.1080/00038628.2018.1523129,completed_pdf_extracted,error_pdf_timeout,4,309,ready,/Users/davidusa/REPOS/Article_Finder_v3_2_3/data/pdfs/10.1080_00038628.2018.1523129.pdf,2026-02-15T00:50:47.328360+00:00,,full_historical_retag_backfill|article_type_priority_tranche_reprocess|timeout_recovery_pipeline|timeout_recovery_pipeline
doi:10.1080/01441647.2012.712555,completed_pdf_extracted,error_pdf_timeout,14,316,ready,/Users/davidusa/REPOS/Article_Finder_v3_2_3/data/pdfs/10.1080_01441647.2012.712555.pdf,2026-02-15T00:50:47.328360+00:00,,full_historical_retag_backfill|article_type_priority_tranche_reprocess|timeout_recovery_pipeline|timeout_recovery_pipeline
doi:10.56261/jars.v22.269283,completed_pdf_extracted,error_pdf_timeout,2,205,ready,/Users/davidusa/REPOS/Article_Finder_v3_2_3/data/pdfs/10.56261_jars.v22.269283.pdf,2026-02-15T00:50:47.328360+00:00,,full_historical_retag_backfill|article_type_priority_tranche_reprocess|timeout_recovery_pipeline|timeout_recovery_pipeline
doi:10.1007/978-981-99-8405-3_13,completed_pdf_extracted,error_pdf_timeout,14,316,ready,/Users/davidusa/REPOS/Article_Finder_v3_2_3/data/pdfs/10.1007_978-981-99-8405-3_13.pdf,2026-02-15T00:50:47.328360+00:00,,full_historical_retag_backfill|article_type_priority_tranche_reprocess|timeout_recovery_pipeline|timeout_recovery_pipeline
doi:10.1111/cogs.12518,completed_pdf_extracted,error_pdf_timeout,184,1146,ready,/Users/davidusa/REPOS/Article_Finder_v3_2_3/data/pdfs/10.1111_cogs.12518.pdf,2026-02-15T00:50:47.328360+00:00,,full_historical_retag_backfill|article_type_priority_tranche_reprocess|timeout_recovery_pipeline|timeout_recovery_pipeline
doi:10.1068/p5921,completed_pdf_extracted,error_pdf_timeout,3,655,ready,/Users/davidusa/REPOS/Article_Finder_v3_2_3/data/pdfs/10.1068_p5921.pdf,2026-02-15T00:50:47.328360+00:00,,full_historical_retag_backfill|article_type_priority_tranche_reprocess|timeout_recovery_pipeline|timeout_recovery_pipeline
doi:10.1016/j.neuropsychologia.2014.08.030,completed_pdf_extracted,error_pdf_timeout,90,1035,ready,/Users/davidusa/REPOS/Article_Finder_v3_2_3/data/pdfs/10.1016_j.neuropsychologia.2014.08.030.pdf,2026-02-15T00:50:47.328360+00:00,,full_historical_retag_backfill|article_type_priority_tranche_reprocess|timeout_recovery_pipeline|timeout_recovery_pipeline
doi:10.1080/09613218.2021.2006594,completed_pdf_extracted,error_pdf_timeout,0,188,ready,/Users/davidusa/REPOS/Article_Finder_v3_2_3/data/pdfs/10.1080_09613218.2021.2006594.pdf,2026-02-15T00:50:47.328360+00:00,,full_historical_retag_backfill|article_type_priority_tranche_reprocess|timeout_recovery_pipeline|timeout_recovery_pipeline
doi:10.3758/s13428-019-01242-0,completed_pdf_extracted,error_pdf_timeout,5,122,,/Users/davidusa/REPOS/Article_Finder_v3_2_3/data/pdfs/10.3758_s13428-019-01242-0.pdf,2026-02-15T00:50:47.328360+00:00,,full_historical_retag_backfill|article_type_priority_tranche_reprocess|timeout_recovery_pipeline
doi:10.3390/s22218135,completed_pdf_extracted,error_pdf_timeout,4,144,ready,/Users/davidusa/REPOS/Article_Finder_v3_2_3/data/pdfs/10.3390_s22218135.pdf,2026-02-15T00:50:47.328360+00:00,,full_historical_retag_backfill|article_type_priority_tranche_reprocess|timeout_recovery_pipeline|timeout_recovery_pipeline
zotero:ZHKHNN33,completed_pdf_extracted,error_pdf_timeout,4,397,ready,/Users/davidusa/REPOS/Article_Finder_v3_2_3/data/pdfs/HUMANNESS_AND_ARCHITECTURE_LATENT_VALUE_SYSTEMS_IN.pdf,2026-02-15T00:50:47.328360+00:00,,full_historical_retag_backfill|article_type_priority_tranche_reprocess|timeout_recovery_pipeline|timeout_recovery_pipeline
doi:10.1113/jphysiol.2009.172445,completed_pdf_extracted,error_pdf_timeout,10,140,,/Users/davidusa/REPOS/Article_Finder_v3_2_3/data/pdfs/10.1113_jphysiol.2009.172445.pdf,2026-02-15T00:50:47.328360+00:00,,full_historical_retag_backfill|article_type_priority_tranche_reprocess|timeout_recovery_pipeline
zotero:TFKWSKYP,completed_pdf_extracted,error_pdf_timeout,4,104,ready,/Users/davidusa/REPOS/Article_Finder_v3_2_3/data/pdfs/Play_That_One_Again_the_Effect_of_Music_Tempo_on_C.pdf,2026-02-15T00:50:47.328360+00:00,,full_historical_retag_backfill|article_type_priority_tranche_reprocess|timeout_recovery_pipeline|timeout_recovery_pipeline
doi:10.48550/arxiv.2309.15840,completed_pdf_extracted,error_pdf_timeout,1,180,ready,/Users/davidusa/REPOS/Article_Finder_v3_2_3/data/pdfs/10.48550_arxiv.2309.15840.pdf,2026-02-15T00:50:47.328360+00:00,,full_historical_retag_backfill|article_type_priority_tranche_reprocess|timeout_recovery_pipeline|timeout_recovery_pipeline
doi:10.1037/a0037983,completed_pdf_extracted,error_pdf_timeout,2,107,ready,/Users/davidusa/REPOS/Article_Finder_v3_2_3/data/pdfs/10.1037_a0037983.pdf,2026-02-15T00:50:47.328360+00:00,,full_historical_retag_backfill|article_type_priority_tranche_reprocess|timeout_recovery_pipeline|timeout_recovery_pipeline
