paper_id,doi,title,year,venue,pdf_path,resolved_pdf_path,status,processed_at,reason,needs_deep_theory_review
doi:10.1177/0013916590225001,10.1177/0013916590225001,Finding the Building in Wayfinding,1990,Environment and Behavior,/Users/davidusa/REPOS/Article_Finder_v3_2_3/data/pdfs/10.1177_0013916590225001.pdf,/Users/davidusa/REPOS/Article_Finder_v3_2_3/data/pdfs/10.1177_0013916590225001.pdf,completed_pdf_no_claims,2026-02-14T23:39:43.531328+00:00,likely_non_tabular_or_table_unreadable,yes
doi:10.1016/j.envint.2019.105427,10.1016/j.envint.2019.105427,Effects of biophilic indoor environment on stress and anxiety recovery: A between-subjects experiment in virtual reality,2019,Environment International,/Users/davidusa/REPOS/Article_Finder_v3_2_3/data/pdfs/10.1016_j.envint.2019.105427.pdf,/Users/davidusa/REPOS/Article_Finder_v3_2_3/data/pdfs/10.1016_j.envint.2019.105427.pdf,completed_pdf_no_claims,2026-02-14T11:05:40.470374+00:00,likely_non_tabular_or_table_unreadable,yes
doi:10.1038/s41598-021-85210-9,10.1038/s41598-021-85210-9,Exploring a sustainable building’s impact on occupant mental health and cognitive function in a virtual environment,2021,Scientific Reports,/Users/davidusa/REPOS/Article_Finder_v3_2_3/data/pdfs/10.1038_s41598-021-85210-9.pdf,/Users/davidusa/REPOS/Article_Finder_v3_2_3/data/pdfs/10.1038_s41598-021-85210-9.pdf,completed_pdf_no_claims,2026-02-14T11:05:40.470374+00:00,likely_non_tabular_or_table_unreadable,yes
doi:10.3390/SU13020823,10.3390/SU13020823,The Potential of Biophilic Fractal Designs to Promote Health and Performance: A Review of Experiments and Applications,2021,Sustainability,/Users/davidusa/REPOS/Article_Finder_v3_2_3/data/pdfs/10.3390_SU13020823.pdf,/Users/davidusa/REPOS/Article_Finder_v3_2_3/data/pdfs/10.3390_SU13020823.pdf,completed_pdf_no_claims,2026-02-14T11:05:40.470374+00:00,likely_synthesis_non_tabular,yes
doi:10.3389/fnhum.2011.00060,10.3389/fnhum.2011.00060,Perceptual and Physiological Responses to Jackson Pollock's Fractals,2011,Frontiers in Human Neuroscience,/Users/davidusa/REPOS/Article_Finder_v3_2_3/data/pdfs/10.3389_fnhum.2011.00060.pdf,/Users/davidusa/REPOS/Article_Finder_v3_2_3/data/pdfs/10.3389_fnhum.2011.00060.pdf,completed_pdf_no_claims,2026-02-14T11:05:40.470374+00:00,likely_non_tabular_or_table_unreadable,yes
doi:10.1371/journal.pone.0016429,10.1371/journal.pone.0016429,"Non-Visual Effects of Light on Melatonin, Alertness and Cognitive Performance: Can Blue-Enriched Light Keep Us Alert?",2011,PLoS ONE,/Users/davidusa/REPOS/Article_Finder_v3_2_3/data/pdfs/10.1371_journal.pone.0016429.pdf,/Users/davidusa/REPOS/Article_Finder_v3_2_3/data/pdfs/10.1371_journal.pone.0016429.pdf,completed_pdf_no_claims,2026-02-14T23:43:35.598771+00:00,likely_non_tabular_or_table_unreadable,yes
doi:10.1080/00994480.2002.10748396,10.1080/00994480.2002.10748396,Daylighting Impacts on Human Performance in School,2002,Journal of the Illuminating Engineering Society,/Users/davidusa/REPOS/Article_Finder_v3_2_3/data/pdfs/10.1080_00994480.2002.10748396.pdf,/Users/davidusa/REPOS/Article_Finder_v3_2_3/data/pdfs/10.1080_00994480.2002.10748396.pdf,completed_pdf_no_claims,2026-02-14T11:05:40.470374+00:00,likely_non_tabular_or_table_unreadable,yes
doi:10.1177/1477153514531518,10.1177/1477153514531518,"Effects of realistic office daylighting and electric lighting conditions on visual comfort, alertness and mood",2014,Lighting Research & Technology,/Users/davidusa/REPOS/Article_Finder_v3_2_3/data/pdfs/10.1177_1477153514531518.pdf,/Users/davidusa/REPOS/Article_Finder_v3_2_3/data/pdfs/10.1177_1477153514531518.pdf,completed_pdf_no_claims,2026-02-14T11:05:40.470374+00:00,likely_non_tabular_or_table_unreadable,yes
doi:10.1111/1467-9280.00483,10.1111/1467-9280.00483,A Prospective Study of Some Effects of Aircraft Noise on Cognitive Performance in Schoolchildren,2002,Psychological Science,/Users/davidusa/REPOS/Article_Finder_v3_2_3/data/pdfs/10.1111_1467-9280.00483.pdf,/Users/davidusa/REPOS/Article_Finder_v3_2_3/data/pdfs/10.1111_1467-9280.00483.pdf,completed_pdf_no_claims,2026-02-14T11:05:40.470374+00:00,likely_non_tabular_or_table_unreadable,yes
doi:10.1007/s12199-009-0091-z,10.1007/s12199-009-0091-z,Trends in research related to “Shinrin-yoku” (taking in the forest atmosphere or forest bathing) in Japan,2009,Environmental Health and Preventive Medicine,/Users/davidusa/REPOS/Article_Finder_v3_2_3/data/pdfs/10.1007_s12199-009-0091-z.pdf,/Users/davidusa/REPOS/Article_Finder_v3_2_3/data/pdfs/10.1007_s12199-009-0091-z.pdf,completed_pdf_no_claims,2026-02-14T23:45:16.929646+00:00,likely_non_tabular_or_table_unreadable,yes
doi:10.1006/cogp.1998.0681,10.1006/cogp.1998.0681,Contextual Cueing: Implicit Learning and Memory of Visual Context Guides Spatial Attention,1998,Cognitive Psychology,/Users/davidusa/REPOS/Article_Finder_v3_2_3/data/pdfs/10.1006_cogp.1998.0681.pdf,/Users/davidusa/REPOS/Article_Finder_v3_2_3/data/pdfs/10.1006_cogp.1998.0681.pdf,completed_pdf_no_claims,2026-02-14T23:45:21.299182+00:00,likely_non_tabular_or_table_unreadable,yes
doi:10.1068/b4225,10.1068/b4225,The Space of Innovation: Interaction and Communication in the Work Environment,1999,Environment and Planning B Planning and Design,/Users/davidusa/REPOS/Article_Finder_v3_2_3/data/pdfs/10.1068_b4225.pdf,/Users/davidusa/REPOS/Article_Finder_v3_2_3/data/pdfs/10.1068_b4225.pdf,completed_pdf_no_claims,2026-02-14T23:45:21.505571+00:00,likely_non_tabular_or_table_unreadable,yes
doi:10.1016/j.jenvp.2014.11.006,10.1016/j.jenvp.2014.11.006,Architectural design and the brain: Effects of ceiling height and perceived enclosure on beauty judgments and approach-avoidance decisions,2014,Journal of Environmental Psychology,/Users/davidusa/REPOS/Article_Finder_v3_2_3/data/pdfs/10.1016_j.jenvp.2014.11.006.pdf,/Users/davidusa/REPOS/Article_Finder_v3_2_3/data/pdfs/10.1016_j.jenvp.2014.11.006.pdf,completed_pdf_no_claims,2026-02-14T11:05:40.470374+00:00,likely_non_tabular_or_table_unreadable,yes
doi:10.1093/scan/nsw154,10.1093/scan/nsw154,The theory of constructed emotion: an active inference account of interoception and categorization,2016,Social Cognitive and Affective Neuroscience,/Users/davidusa/REPOS/Article_Finder_v3_2_3/data/pdfs/10.1093_scan_nsw154.pdf,/Users/davidusa/REPOS/Article_Finder_v3_2_3/data/pdfs/10.1093_scan_nsw154.pdf,completed_pdf_no_claims,2026-02-14T11:05:40.470374+00:00,likely_deep_theory_or_conceptual,yes
doi:10.1016/j.brainresrev.2005.07.002,10.1016/j.brainresrev.2005.07.002,A model of phototransduction by the human circadian system,2005,,/Users/davidusa/REPOS/Article_Finder_v3_2_3/data/pdfs/10.1016_j.brainresrev.2005.07.002.pdf,/Users/davidusa/REPOS/Article_Finder_v3_2_3/data/pdfs/10.1016_j.brainresrev.2005.07.002.pdf,completed_pdf_no_claims,2026-02-14T11:05:40.470374+00:00,likely_deep_theory_or_conceptual,yes
doi:10.1016/0142-694x(96)00001-4,10.1016/0142-694x(96)00001-4,"Wayfinding design: logic, application and some thoughts on universality",1996,,/Users/davidusa/REPOS/Article_Finder_v3_2_3/data/pdfs/10.1016_0142-694x(96)00001-4.pdf,/Users/davidusa/REPOS/Article_Finder_v3_2_3/data/pdfs/10.1016_0142-694x(96)00001-4.pdf,completed_pdf_no_claims,2026-02-14T11:05:40.470374+00:00,likely_non_tabular_or_table_unreadable,yes
doi:10.1177/0013916591231003,10.1177/0013916591231003,Spatial Orientation and the Angularity of Urban Routes: A Field Study,1991,,/Users/davidusa/REPOS/Article_Finder_v3_2_3/data/pdfs/10.1177_0013916591231003.pdf,/Users/davidusa/REPOS/Article_Finder_v3_2_3/data/pdfs/10.1177_0013916591231003.pdf,completed_pdf_no_claims,2026-02-14T11:05:40.470374+00:00,likely_non_tabular_or_table_unreadable,yes
doi:10.1177/1477153520958448,10.1177/1477153520958448,"Human-centric lighting: Myth, magic or metaphor?",2021,,/Users/davidusa/REPOS/Article_Finder_v3_2_3/data/pdfs/10.1177_1477153520958448.pdf,/Users/davidusa/REPOS/Article_Finder_v3_2_3/data/pdfs/10.1177_1477153520958448.pdf,completed_pdf_no_claims,2026-02-14T11:05:40.470374+00:00,likely_non_tabular_or_table_unreadable,yes
doi:10.1177/001391659803000408,10.1177/001391659803000408,Effects of Office Lighting on Mood and Cognitive Performance And A Gender Effect in Work-xRelated Judgment,1998,,/Users/davidusa/REPOS/Article_Finder_v3_2_3/data/pdfs/10.1177_001391659803000408.pdf,/Users/davidusa/REPOS/Article_Finder_v3_2_3/data/pdfs/10.1177_001391659803000408.pdf,completed_pdf_no_claims,2026-02-14T23:47:58.552954+00:00,likely_non_tabular_or_table_unreadable,yes
doi:10.1177/1477153516682368,10.1177/1477153516682368,Light as a circadian stimulus for architectural lighting,2018,,/Users/davidusa/REPOS/Article_Finder_v3_2_3/data/pdfs/10.1177_1477153516682368.pdf,/Users/davidusa/REPOS/Article_Finder_v3_2_3/data/pdfs/10.1177_1477153516682368.pdf,completed_pdf_no_claims,2026-02-14T11:05:40.470374+00:00,likely_non_tabular_or_table_unreadable,yes
doi:10.1121/1.3493436,10.1121/1.3493436,A principal components model of soundscape perceptiona),2010,,/Users/davidusa/REPOS/Article_Finder_v3_2_3/data/pdfs/10.1121_1.3493436.pdf,/Users/davidusa/REPOS/Article_Finder_v3_2_3/data/pdfs/10.1121_1.3493436.pdf,completed_pdf_no_claims,2026-02-14T11:05:40.470374+00:00,likely_deep_theory_or_conceptual,yes
doi:10.1121/1.414863,10.1121/1.414863,Sources and effects of low‐frequency noise,1996,,/Users/davidusa/REPOS/Article_Finder_v3_2_3/data/pdfs/10.1121_1.414863.pdf,/Users/davidusa/REPOS/Article_Finder_v3_2_3/data/pdfs/10.1121_1.414863.pdf,completed_pdf_no_claims,2026-02-14T11:05:40.470374+00:00,likely_non_tabular_or_table_unreadable,yes
doi:10.1007/978-3-031-22779-0_2,10.1007/978-3-031-22779-0_2,Soundscape: A Construct of Human Perception,2023,,/Users/davidusa/REPOS/Article_Finder_v3_2_3/data/pdfs/10.1007_978-3-031-22779-0_2.pdf,/Users/davidusa/REPOS/Article_Finder_v3_2_3/data/pdfs/10.1007_978-3-031-22779-0_2.pdf,completed_pdf_no_claims,2026-02-14T11:05:40.470374+00:00,likely_non_tabular_or_table_unreadable,yes
doi:10.1121/1.3298437,10.1121/1.3298437,Perceptual assessment of quality of urban soundscapes with combined noise sources and water sounds,2010,,/Users/davidusa/REPOS/Article_Finder_v3_2_3/data/pdfs/10.1121_1.3298437.pdf,/Users/davidusa/REPOS/Article_Finder_v3_2_3/data/pdfs/10.1121_1.3298437.pdf,completed_pdf_no_claims,2026-02-14T11:05:40.470374+00:00,likely_non_tabular_or_table_unreadable,yes
doi:10.1061/jaeied.aeeng-1533,10.1061/jaeied.aeeng-1533,Crossed Effect of Acoustics on Thermal Comfort and Productivity in Workplaces: A Case Study in Virtual Reality,2023,,/Users/davidusa/REPOS/Article_Finder_v3_2_3/data/pdfs/10.1061_jaeied.aeeng-1533.pdf,/Users/davidusa/REPOS/Article_Finder_v3_2_3/data/pdfs/10.1061_jaeied.aeeng-1533.pdf,completed_pdf_no_claims,2026-02-14T11:20:05.453993+00:00,likely_non_tabular_or_table_unreadable,yes
doi:10.1177/0013916591235002,10.1177/0013916591235002,Effects of Signage and Floor Plan Configuration on Wayfinding Accuracy,1991,,/Users/davidusa/REPOS/Article_Finder_v3_2_3/data/pdfs/10.1177_0013916591235002.pdf,/Users/davidusa/REPOS/Article_Finder_v3_2_3/data/pdfs/10.1177_0013916591235002.pdf,completed_pdf_no_claims,2026-02-14T11:20:05.453993+00:00,likely_non_tabular_or_table_unreadable,yes
doi:10.1177/0013916581132004,10.1177/0013916581132004,Evaluating Architectural Legibility: Way-Finding in the Built Environment,1981,,/Users/davidusa/REPOS/Article_Finder_v3_2_3/data/pdfs/10.1177_0013916581132004.pdf,/Users/davidusa/REPOS/Article_Finder_v3_2_3/data/pdfs/10.1177_0013916581132004.pdf,completed_pdf_no_claims,2026-02-14T11:20:05.453993+00:00,likely_non_tabular_or_table_unreadable,yes
doi:10.3390/buildings13020483,10.3390/buildings13020483,The Effect of Sustainable and Natural Looking on Perceived Aesthetics and Eco-Friendliness in Building Material Evaluation,2023,,/Users/davidusa/REPOS/Article_Finder_v3_2_3/data/pdfs/10.3390_buildings13020483.pdf,/Users/davidusa/REPOS/Article_Finder_v3_2_3/data/pdfs/10.3390_buildings13020483.pdf,completed_pdf_no_claims,2026-02-14T11:20:05.453993+00:00,likely_non_tabular_or_table_unreadable,yes
doi:10.1177/0143624419896250,10.1177/0143624419896250,Lit environments that promote health and well-being,2020,,/Users/davidusa/REPOS/Article_Finder_v3_2_3/data/pdfs/10.1177_0143624419896250.pdf,/Users/davidusa/REPOS/Article_Finder_v3_2_3/data/pdfs/10.1177_0143624419896250.pdf,completed_pdf_no_claims,2026-02-14T11:20:05.453993+00:00,likely_non_tabular_or_table_unreadable,yes
doi:10.1111/j.2044-8295.1979.tb01680.x,10.1111/j.2044-8295.1979.tb01680.x,Dimensions and determinants of judgements of colour samples and a simulated interior space by architects and non‐architects,1979,,/Users/davidusa/REPOS/Article_Finder_v3_2_3/data/pdfs/10.1111_j.2044-8295.1979.tb01680.x.pdf,/Users/davidusa/REPOS/Article_Finder_v3_2_3/data/pdfs/10.1111_j.2044-8295.1979.tb01680.x.pdf,completed_pdf_no_claims,2026-02-14T23:49:54.393798+00:00,likely_non_tabular_or_table_unreadable,yes
doi:10.1093/oso/9780199688289.003.0003,10.1093/oso/9780199688289.003.0003,Synesthesia vs. Crossmodal Illusions,2017,,/Users/davidusa/REPOS/Article_Finder_v3_2_3/data/pdfs/10.1093_oso_9780199688289.003.0003.pdf,/Users/davidusa/REPOS/Article_Finder_v3_2_3/data/pdfs/10.1093_oso_9780199688289.003.0003.pdf,completed_pdf_no_claims,2026-02-14T11:20:05.453993+00:00,likely_non_tabular_or_table_unreadable,yes
doi:10.1073/pnas.1100290108,10.1073/pnas.1100290108,The cultural niche: Why social learning is essential for human adaptation,2011,,/Users/davidusa/REPOS/Article_Finder_v3_2_3/data/pdfs/10.1073_pnas.1100290108.pdf,/Users/davidusa/REPOS/Article_Finder_v3_2_3/data/pdfs/10.1073_pnas.1100290108.pdf,completed_pdf_no_claims,2026-02-14T11:20:05.453993+00:00,likely_non_tabular_or_table_unreadable,yes
doi:10.3389/fpsyg.2019.01904,10.3389/fpsyg.2019.01904,Mental Control in Musical Imagery: A Dual Component Model,2019,,/Users/davidusa/REPOS/Article_Finder_v3_2_3/data/pdfs/10.3389_fpsyg.2019.01904.pdf,/Users/davidusa/REPOS/Article_Finder_v3_2_3/data/pdfs/10.3389_fpsyg.2019.01904.pdf,completed_pdf_no_claims,2026-02-14T11:20:05.453993+00:00,likely_deep_theory_or_conceptual,yes
doi:10.1016/j.cub.2006.06.031,10.1016/j.cub.2006.06.031,Daytime Light Exposure Dynamically Enhances Brain Responses,2006,,/Users/davidusa/REPOS/Article_Finder_v3_2_3/data/pdfs/10.1016_j.cub.2006.06.031.pdf,/Users/davidusa/REPOS/Article_Finder_v3_2_3/data/pdfs/10.1016_j.cub.2006.06.031.pdf,completed_pdf_no_claims,2026-02-14T23:51:22.827039+00:00,likely_non_tabular_or_table_unreadable,yes
doi:10.3389/fpsyg.2014.00440,10.3389/fpsyg.2014.00440,The subjective meaning of cognitive architecture: A Marrian analysis,2014,,/Users/davidusa/REPOS/Article_Finder_v3_2_3/data/pdfs/10.3389_fpsyg.2014.00440.pdf,/Users/davidusa/REPOS/Article_Finder_v3_2_3/data/pdfs/10.3389_fpsyg.2014.00440.pdf,completed_pdf_no_claims,2026-02-14T11:20:05.453993+00:00,likely_non_tabular_or_table_unreadable,yes
doi:10.3390/ijerph6092332,10.3390/ijerph6092332,Biophilia: Does Visual Contact with Nature Impact on Health and Well-Being?,2009,,/Users/davidusa/REPOS/Article_Finder_v3_2_3/data/pdfs/10.3390_ijerph6092332.pdf,/Users/davidusa/REPOS/Article_Finder_v3_2_3/data/pdfs/10.3390_ijerph6092332.pdf,completed_pdf_no_claims,2026-02-14T11:20:05.453993+00:00,likely_non_tabular_or_table_unreadable,yes
doi:10.3390/ijerph20095637,10.3390/ijerph20095637,Architectural Allostatic Overloading: Exploring a Connection between Architectural Form and Allostatic Overloading,2023,,/Users/davidusa/REPOS/Article_Finder_v3_2_3/data/pdfs/10.3390_ijerph20095637.pdf,/Users/davidusa/REPOS/Article_Finder_v3_2_3/data/pdfs/10.3390_ijerph20095637.pdf,completed_pdf_no_claims,2026-02-14T11:20:05.453993+00:00,likely_non_tabular_or_table_unreadable,yes
doi:10.3390/ijerph182211792,10.3390/ijerph182211792,Waterscapes for Promoting Mental Health in the General Population,2021,,/Users/davidusa/REPOS/Article_Finder_v3_2_3/data/pdfs/10.3390_ijerph182211792.pdf,/Users/davidusa/REPOS/Article_Finder_v3_2_3/data/pdfs/10.3390_ijerph182211792.pdf,completed_pdf_no_claims,2026-02-14T11:20:05.453993+00:00,likely_non_tabular_or_table_unreadable,yes
doi:10.3390/s21062193,10.3390/s21062193,The Cognitive-Emotional Design and Study of Architectural Space: A Scoping Review of Neuroarchitecture and Its Precursor Approaches,2021,,/Users/davidusa/REPOS/Article_Finder_v3_2_3/data/pdfs/10.3390_s21062193.pdf,/Users/davidusa/REPOS/Article_Finder_v3_2_3/data/pdfs/10.3390_s21062193.pdf,completed_pdf_no_claims,2026-02-14T11:20:05.453993+00:00,likely_synthesis_non_tabular,yes
doi:10.3390/bs4040423,10.3390/bs4040423,Wayfinding in Healthcare Facilities: Contributions from Environmental Psychology,2014,,/Users/davidusa/REPOS/Article_Finder_v3_2_3/data/pdfs/10.3390_bs4040423.pdf,/Users/davidusa/REPOS/Article_Finder_v3_2_3/data/pdfs/10.3390_bs4040423.pdf,completed_pdf_no_claims,2026-02-14T11:20:05.453993+00:00,likely_non_tabular_or_table_unreadable,yes
doi:10.1177/193758671100400207,10.1177/193758671100400207,Wayfinding for People with Dementia: A Review of the Role of Architectural Design,2011,,/Users/davidusa/REPOS/Article_Finder_v3_2_3/data/pdfs/10.1177_193758671100400207.pdf,/Users/davidusa/REPOS/Article_Finder_v3_2_3/data/pdfs/10.1177_193758671100400207.pdf,completed_pdf_no_claims,2026-02-14T11:20:05.453993+00:00,likely_synthesis_non_tabular,yes
doi:10.3390/su13031084,10.3390/su13031084,Wayfinding in People with Alzheimer’s Disease: Perspective Taking and Architectural Cognition—A Vision Paper on Future Dementia Care Research Opportunities,2021,,/Users/davidusa/REPOS/Article_Finder_v3_2_3/data/pdfs/10.3390_su13031084.pdf,/Users/davidusa/REPOS/Article_Finder_v3_2_3/data/pdfs/10.3390_su13031084.pdf,completed_pdf_no_claims,2026-02-14T11:20:05.453993+00:00,likely_non_tabular_or_table_unreadable,yes
doi:10.1111/j.1545-5300.1977.00049.x,10.1111/j.1545-5300.1977.00049.x,"Architecture: Effect of Territory, Boundary, and Orientation on Family Functioning",1977,,/Users/davidusa/REPOS/Article_Finder_v3_2_3/data/pdfs/10.1111_j.1545-5300.1977.00049.x.pdf,/Users/davidusa/REPOS/Article_Finder_v3_2_3/data/pdfs/10.1111_j.1545-5300.1977.00049.x.pdf,completed_pdf_no_claims,2026-02-14T11:20:05.453993+00:00,likely_non_tabular_or_table_unreadable,yes
doi:10.3390/su13115891,10.3390/su13115891,Health and Happiness in the New Urban Agenda: The Central Role of Public Space,2021,,/Users/davidusa/REPOS/Article_Finder_v3_2_3/data/pdfs/10.3390_su13115891.pdf,/Users/davidusa/REPOS/Article_Finder_v3_2_3/data/pdfs/10.3390_su13115891.pdf,completed_pdf_no_claims,2026-02-14T11:20:05.453993+00:00,likely_non_tabular_or_table_unreadable,yes
doi:10.3390/su13116198,10.3390/su13116198,Smart Lighting Application for Energy Saving and User Well-Being in the Residential Environment,2021,,/Users/davidusa/REPOS/Article_Finder_v3_2_3/data/pdfs/10.3390_su13116198.pdf,/Users/davidusa/REPOS/Article_Finder_v3_2_3/data/pdfs/10.3390_su13116198.pdf,completed_pdf_no_claims,2026-02-14T11:20:05.453993+00:00,likely_non_tabular_or_table_unreadable,yes
doi:10.3390/ijerph17197217,10.3390/ijerph17197217,Impacts of Dynamic LED Lighting on the Well-Being and Experience of Office Occupants,2020,,/Users/davidusa/REPOS/Article_Finder_v3_2_3/data/pdfs/10.3390_ijerph17197217.pdf,/Users/davidusa/REPOS/Article_Finder_v3_2_3/data/pdfs/10.3390_ijerph17197217.pdf,completed_pdf_no_claims,2026-02-14T11:20:05.453993+00:00,likely_non_tabular_or_table_unreadable,yes
doi:10.1177/1477153509356018,10.1177/1477153509356018,Stimulus range bias explains the outcome of preferred-illuminance adjustments,2010,,/Users/davidusa/REPOS/Article_Finder_v3_2_3/data/pdfs/10.1177_1477153509356018.pdf,/Users/davidusa/REPOS/Article_Finder_v3_2_3/data/pdfs/10.1177_1477153509356018.pdf,completed_pdf_no_claims,2026-02-14T11:20:05.453993+00:00,likely_non_tabular_or_table_unreadable,yes
doi:10.3390/buildings13102537,10.3390/buildings13102537,A Study of the Emotional Impact of Interior Lighting Color in Rural Bed and Breakfast Space Design,2023,,/Users/davidusa/REPOS/Article_Finder_v3_2_3/data/pdfs/10.3390_buildings13102537.pdf,/Users/davidusa/REPOS/Article_Finder_v3_2_3/data/pdfs/10.3390_buildings13102537.pdf,completed_pdf_no_claims,2026-02-14T11:20:05.453993+00:00,likely_non_tabular_or_table_unreadable,yes
doi:10.3390/ijerph18031002,10.3390/ijerph18031002,Good Places to Live and Sleep Well: A Literature Review about the Role of Architecture in Determining Non-Visual Effects of Light,2021,,/Users/davidusa/REPOS/Article_Finder_v3_2_3/data/pdfs/10.3390_ijerph18031002.pdf,/Users/davidusa/REPOS/Article_Finder_v3_2_3/data/pdfs/10.3390_ijerph18031002.pdf,completed_pdf_no_claims,2026-02-14T11:20:05.453993+00:00,likely_synthesis_non_tabular,yes
doi:10.1177/1477153513509258,10.1177/1477153513509258,Daylight and health: A review of the evidence and consequences for the built environment,2015,,/Users/davidusa/REPOS/Article_Finder_v3_2_3/data/pdfs/10.1177_1477153513509258.pdf,/Users/davidusa/REPOS/Article_Finder_v3_2_3/data/pdfs/10.1177_1477153513509258.pdf,completed_pdf_no_claims,2026-02-14T11:20:05.453993+00:00,likely_synthesis_non_tabular,yes
doi:10.1080/01971360.2024.2393532,10.1080/01971360.2024.2393532,Powerful Patina: The Value of Odors in a Tibetan Buddhist Temple,,,/Users/davidusa/REPOS/Article_Finder_v3_2_3/data/pdfs/10.1080_01971360.2024.2393532.pdf,/Users/davidusa/REPOS/Article_Finder_v3_2_3/data/pdfs/10.1080_01971360.2024.2393532.pdf,completed_pdf_no_claims,2026-02-14T11:20:05.453993+00:00,likely_non_tabular_or_table_unreadable,yes
doi:10.1525/collabra.335,10.1525/collabra.335,Probing the Person-Patina Relationship: A Correlational Study on the Psychology of Senescent Environments,2020,,/Users/davidusa/REPOS/Article_Finder_v3_2_3/data/pdfs/10.1525_collabra.335.pdf,/Users/davidusa/REPOS/Article_Finder_v3_2_3/data/pdfs/10.1525_collabra.335.pdf,completed_pdf_no_claims,2026-02-14T11:20:05.453993+00:00,likely_non_tabular_or_table_unreadable,yes
doi:10.3390/buildings14082508,10.3390/buildings14082508,"The Architectural Design Strategies That Promote Attention to Foster Mindfulness: A Systematic Review, Content Analysis and Meta-Analysis",2024,,/Users/davidusa/REPOS/Article_Finder_v3_2_3/data/pdfs/10.3390_buildings14082508.pdf,/Users/davidusa/REPOS/Article_Finder_v3_2_3/data/pdfs/10.3390_buildings14082508.pdf,completed_pdf_no_claims,2026-02-14T11:20:05.453993+00:00,likely_synthesis_non_tabular,yes
doi:10.1177/0013916587191001,10.1177/0013916587191001,"Aesthetics, Affect, and Cognition: Environmental Preference from an Evolutionary Perspective",1987,,/Users/davidusa/REPOS/Article_Finder_v3_2_3/data/pdfs/10.1177_0013916587191001.pdf,/Users/davidusa/REPOS/Article_Finder_v3_2_3/data/pdfs/10.1177_0013916587191001.pdf,completed_pdf_no_claims,2026-02-14T11:20:05.453993+00:00,likely_non_tabular_or_table_unreadable,yes
doi:10.3390/buildings5030948,10.3390/buildings5030948,A Review of Psychological Literature on the Health and Wellbeing Benefits of Biophilic Design,2015,,/Users/davidusa/REPOS/Article_Finder_v3_2_3/data/pdfs/10.3390_buildings5030948.pdf,/Users/davidusa/REPOS/Article_Finder_v3_2_3/data/pdfs/10.3390_buildings5030948.pdf,completed_pdf_no_claims,2026-02-14T11:20:05.453993+00:00,likely_synthesis_non_tabular,yes
doi:10.3389/fpsyg.2020.573041,10.3389/fpsyg.2020.573041,Assessments of Acoustic Environments by Emotions – The Application of Emotion Theory in Soundscape,2020,,/Users/davidusa/REPOS/Article_Finder_v3_2_3/data/pdfs/10.3389_fpsyg.2020.573041.pdf,/Users/davidusa/REPOS/Article_Finder_v3_2_3/data/pdfs/10.3389_fpsyg.2020.573041.pdf,completed_pdf_no_claims,2026-02-14T11:38:53.059018+00:00,likely_deep_theory_or_conceptual,yes
doi:10.1177/0013916591231001,10.1177/0013916591231001,Restorative Effects of Natural Environment Experiences,1991,,/Users/davidusa/REPOS/Article_Finder_v3_2_3/data/pdfs/10.1177_0013916591231001.pdf,/Users/davidusa/REPOS/Article_Finder_v3_2_3/data/pdfs/10.1177_0013916591231001.pdf,completed_pdf_no_claims,2026-02-14T11:38:53.059018+00:00,likely_non_tabular_or_table_unreadable,yes
doi:10.3390/buildings12030326,10.3390/buildings12030326,The Interior Experience of Architecture: An Emotional Connection between Space and the Body,2022,,/Users/davidusa/REPOS/Article_Finder_v3_2_3/data/pdfs/10.3390_buildings12030326.pdf,/Users/davidusa/REPOS/Article_Finder_v3_2_3/data/pdfs/10.3390_buildings12030326.pdf,completed_pdf_no_claims,2026-02-14T11:38:53.059018+00:00,likely_non_tabular_or_table_unreadable,yes
doi:10.3390/buildings14020337,10.3390/buildings14020337,Acoustics Perception in Special-Shaped Spaces: A Systematic Review,2024,,/Users/davidusa/REPOS/Article_Finder_v3_2_3/data/pdfs/10.3390_buildings14020337.pdf,/Users/davidusa/REPOS/Article_Finder_v3_2_3/data/pdfs/10.3390_buildings14020337.pdf,completed_pdf_no_claims,2026-02-14T11:38:53.059018+00:00,likely_synthesis_non_tabular,yes
doi:10.1177/0013916589215001,10.1177/0013916589215001,Environmental Preference: A Comparison of Four Domains of Predictors,1989,,/Users/davidusa/REPOS/Article_Finder_v3_2_3/data/pdfs/10.1177_0013916589215001.pdf,/Users/davidusa/REPOS/Article_Finder_v3_2_3/data/pdfs/10.1177_0013916589215001.pdf,completed_pdf_no_claims,2026-02-14T23:55:49.085596+00:00,likely_non_tabular_or_table_unreadable,yes
doi:10.38027/iccaua2022en0104,10.38027/iccaua2022en0104,"Reinventing the Relationship Between Architecture, Biology and Human Experience",2022,,/Users/davidusa/REPOS/Article_Finder_v3_2_3/data/pdfs/10.38027_iccaua2022en0104.pdf,/Users/davidusa/REPOS/Article_Finder_v3_2_3/data/pdfs/10.38027_iccaua2022en0104.pdf,completed_pdf_no_claims,2026-02-14T11:38:53.059018+00:00,likely_non_tabular_or_table_unreadable,yes
doi:10.3390/biology13040220,10.3390/biology13040220,Neuroarchitecture: How the Perception of Our Surroundings Impacts the Brain,2024,,/Users/davidusa/REPOS/Article_Finder_v3_2_3/data/pdfs/10.3390_biology13040220.pdf,/Users/davidusa/REPOS/Article_Finder_v3_2_3/data/pdfs/10.3390_biology13040220.pdf,completed_pdf_no_claims,2026-02-14T11:38:53.059018+00:00,likely_non_tabular_or_table_unreadable,yes
doi:10.3389/fpsyg.2022.864009,10.3389/fpsyg.2022.864009,Body and the Senses in Spatial Experience: The Implications of Kinesthetic and Synesthetic Perceptions for Design Thinking,2022,,/Users/davidusa/REPOS/Article_Finder_v3_2_3/data/pdfs/10.3389_fpsyg.2022.864009.pdf,/Users/davidusa/REPOS/Article_Finder_v3_2_3/data/pdfs/10.3389_fpsyg.2022.864009.pdf,completed_pdf_no_claims,2026-02-14T11:38:53.059018+00:00,likely_non_tabular_or_table_unreadable,yes
doi:10.1002/adfm.201703820,10.1002/adfm.201703820,Graphene Oxide‐Based Lamella Network for Enhanced Sound Absorption,2017,,/Users/davidusa/REPOS/Article_Finder_v3_2_3/data/pdfs/10.1002_adfm.201703820.pdf,/Users/davidusa/REPOS/Article_Finder_v3_2_3/data/pdfs/10.1002_adfm.201703820.pdf,completed_pdf_no_claims,2026-02-14T11:38:53.059018+00:00,likely_non_tabular_or_table_unreadable,yes
doi:10.3390/su13116395,10.3390/su13116395,Mental Well-Being and the Influence of Place: Conceptual Approaches for the Built Environment for Planning Healthy and Walkable Cities,2021,,/Users/davidusa/REPOS/Article_Finder_v3_2_3/data/pdfs/10.3390_su13116395.pdf,/Users/davidusa/REPOS/Article_Finder_v3_2_3/data/pdfs/10.3390_su13116395.pdf,completed_pdf_no_claims,2026-02-14T11:38:53.059018+00:00,likely_deep_theory_or_conceptual,yes
zotero:7UTCT4T2,,Dichotomic Reciprocity: The Practice of a More Intimate Biomimicry in Architectural Design,2021,,/Users/davidusa/REPOS/Article_Finder_v3_2_3/data/pdfs/Dichotomic_Reciprocity_The_Practice_of_a_More_Inti.pdf,/Users/davidusa/REPOS/Article_Finder_v3_2_3/data/pdfs/Dichotomic_Reciprocity_The_Practice_of_a_More_Inti.pdf,completed_pdf_no_claims,2026-02-14T23:55:51.072296+00:00,likely_non_tabular_or_table_unreadable,yes
doi:10.1177/14771535241261270,10.1177/14771535241261270,The design of window shades and fenestration for view clarity,2024,,/Users/davidusa/REPOS/Article_Finder_v3_2_3/data/pdfs/10.1177_14771535241261270.pdf,/Users/davidusa/REPOS/Article_Finder_v3_2_3/data/pdfs/10.1177_14771535241261270.pdf,completed_pdf_no_claims,2026-02-14T11:38:53.059018+00:00,likely_non_tabular_or_table_unreadable,yes
doi:10.1016/s0038-092x(02)00036-1,10.1016/s0038-092x(02)00036-1,An overview of daylighting systems,2002,,/Users/davidusa/REPOS/Article_Finder_v3_2_3/data/pdfs/10.1016_s0038-092x(02)00036-1.pdf,/Users/davidusa/REPOS/Article_Finder_v3_2_3/data/pdfs/10.1016_s0038-092x(02)00036-1.pdf,completed_pdf_no_claims,2026-02-14T11:38:53.059018+00:00,likely_non_tabular_or_table_unreadable,yes
doi:10.1016/j.landurbplan.2003.11.001,10.1016/j.landurbplan.2003.11.001,"Preferences for and attitudes towards street flowers and trees in Sapporo, Japan",2004,,/Users/davidusa/REPOS/Article_Finder_v3_2_3/data/pdfs/10.1016_j.landurbplan.2003.11.001.pdf,/Users/davidusa/REPOS/Article_Finder_v3_2_3/data/pdfs/10.1016_j.landurbplan.2003.11.001.pdf,completed_pdf_no_claims,2026-02-14T11:38:53.059018+00:00,likely_non_tabular_or_table_unreadable,yes
doi:10.1177/0885412216662001,10.1177/0885412216662001,Considering Sound in Planning and Designing Public Spaces: A Review of Theory and Applications and a Proposed Framework for Integrating Research and Practice,2016,,/Users/davidusa/REPOS/Article_Finder_v3_2_3/data/pdfs/10.1177_0885412216662001.pdf,/Users/davidusa/REPOS/Article_Finder_v3_2_3/data/pdfs/10.1177_0885412216662001.pdf,completed_pdf_no_claims,2026-02-14T11:38:53.059018+00:00,likely_deep_theory_or_conceptual,yes
doi:10.1121/1.2118327,10.1121/1.2118327,Noise levels in Johns Hopkins Hospital,2005,,/Users/davidusa/REPOS/Article_Finder_v3_2_3/data/pdfs/10.1121_1.2118327.pdf,/Users/davidusa/REPOS/Article_Finder_v3_2_3/data/pdfs/10.1121_1.2118327.pdf,completed_pdf_no_claims,2026-02-14T11:38:53.059018+00:00,likely_non_tabular_or_table_unreadable,yes
doi:10.3390/ijerph8041032,10.3390/ijerph8041032,An Assessment of Psychological Noise Reduction by Landscape Plants,2011,,/Users/davidusa/REPOS/Article_Finder_v3_2_3/data/pdfs/10.3390_ijerph8041032.pdf,/Users/davidusa/REPOS/Article_Finder_v3_2_3/data/pdfs/10.3390_ijerph8041032.pdf,completed_pdf_no_claims,2026-02-14T11:38:53.059018+00:00,likely_non_tabular_or_table_unreadable,yes
doi:10.1177/0013916519879773,10.1177/0013916519879773,Dealing With Feeling Crowded on Public Transport: The Potential Role of Design,2021,,/Users/davidusa/REPOS/Article_Finder_v3_2_3/data/pdfs/10.1177_0013916519879773.pdf,/Users/davidusa/REPOS/Article_Finder_v3_2_3/data/pdfs/10.1177_0013916519879773.pdf,completed_pdf_no_claims,2026-02-14T11:38:53.059018+00:00,likely_non_tabular_or_table_unreadable,yes
doi:10.1177/1420326x19889653,10.1177/1420326x19889653,A brief review on the mental health for select elements of the built environment,2021,,/Users/davidusa/REPOS/Article_Finder_v3_2_3/data/pdfs/10.1177_1420326x19889653.pdf,/Users/davidusa/REPOS/Article_Finder_v3_2_3/data/pdfs/10.1177_1420326x19889653.pdf,completed_pdf_no_claims,2026-02-14T11:38:53.059018+00:00,likely_synthesis_non_tabular,yes
doi:10.3390/en16093681,10.3390/en16093681,Green Buildings: Human-Centered and Energy Efficiency Optimization Strategies,2023,,/Users/davidusa/REPOS/Article_Finder_v3_2_3/data/pdfs/10.3390_en16093681.pdf,/Users/davidusa/REPOS/Article_Finder_v3_2_3/data/pdfs/10.3390_en16093681.pdf,completed_pdf_no_claims,2026-02-14T11:38:53.059018+00:00,likely_non_tabular_or_table_unreadable,yes
doi:10.3390/su16083358,10.3390/su16083358,Sustainable Environmental Communication Project: Eco-Friendly and Sensory Materials for Museums,2024,,/Users/davidusa/REPOS/Article_Finder_v3_2_3/data/pdfs/10.3390_su16083358.pdf,/Users/davidusa/REPOS/Article_Finder_v3_2_3/data/pdfs/10.3390_su16083358.pdf,completed_pdf_no_claims,2026-02-14T11:38:53.059018+00:00,likely_non_tabular_or_table_unreadable,yes
doi:10.1016/s0097-8493(97)00030-7,10.1016/s0097-8493(97)00030-7,"Haptics in virtual environments: Taxonomy, research status, and challenges",1997,,/Users/davidusa/REPOS/Article_Finder_v3_2_3/data/pdfs/10.1016_s0097-8493(97)00030-7.pdf,/Users/davidusa/REPOS/Article_Finder_v3_2_3/data/pdfs/10.1016_s0097-8493(97)00030-7.pdf,completed_pdf_no_claims,2026-02-14T11:38:53.059018+00:00,likely_non_tabular_or_table_unreadable,yes
doi:10.1016/j.autcon.2019.102884,10.1016/j.autcon.2019.102884,User-centered interior finishing material selection: An immersive virtual reality-based interactive approach,2019,,/Users/davidusa/REPOS/Article_Finder_v3_2_3/data/pdfs/10.1016_j.autcon.2019.102884.pdf,/Users/davidusa/REPOS/Article_Finder_v3_2_3/data/pdfs/10.1016_j.autcon.2019.102884.pdf,completed_pdf_no_claims,2026-02-14T11:38:53.059018+00:00,likely_non_tabular_or_table_unreadable,yes
doi:10.1167/jov.21.8.4,10.1167/jov.21.8.4,Translucency perception: A review,2021,,/Users/davidusa/REPOS/Article_Finder_v3_2_3/data/pdfs/10.1167_jov.21.8.4.pdf,/Users/davidusa/REPOS/Article_Finder_v3_2_3/data/pdfs/10.1167_jov.21.8.4.pdf,completed_pdf_no_claims,2026-02-14T11:38:53.059018+00:00,likely_synthesis_non_tabular,yes
doi:10.1016/j.buildenv.2023.110985,10.1016/j.buildenv.2023.110985,"Association between perceived indoor environmental characteristics and occupants' mental well-being, cognitive performance, productivity, satisfaction in workplaces: A systematic review",2023,,/Users/davidusa/REPOS/Article_Finder_v3_2_3/data/pdfs/10.1016_j.buildenv.2023.110985.pdf,/Users/davidusa/REPOS/Article_Finder_v3_2_3/data/pdfs/10.1016_j.buildenv.2023.110985.pdf,completed_pdf_no_claims,2026-02-14T11:38:53.059018+00:00,likely_synthesis_non_tabular,yes
doi:10.1016/j.visres.2013.11.004,10.1016/j.visres.2013.11.004,Visual perception of materials and their properties,2014,,/Users/davidusa/REPOS/Article_Finder_v3_2_3/data/pdfs/10.1016_j.visres.2013.11.004.pdf,/Users/davidusa/REPOS/Article_Finder_v3_2_3/data/pdfs/10.1016_j.visres.2013.11.004.pdf,completed_pdf_no_claims,2026-02-14T23:59:03.639501+00:00,likely_non_tabular_or_table_unreadable,yes
doi:10.1016/s0378-7788(02)00005-1,10.1016/s0378-7788(02)00005-1,Thermal comfort in naturally ventilated buildings: revisions to ASHRAE Standard 55,2002,,/Users/davidusa/REPOS/Article_Finder_v3_2_3/data/pdfs/10.1016_s0378-7788(02)00005-1.pdf,/Users/davidusa/REPOS/Article_Finder_v3_2_3/data/pdfs/10.1016_s0378-7788(02)00005-1.pdf,completed_pdf_no_claims,2026-02-14T23:59:06.405905+00:00,likely_non_tabular_or_table_unreadable,yes
zotero:QJGA5ZN8,,Daylighting-Bias and Biophilia: Quantifying the Impacts of Daylighting and Views on Occupants Health,2011,,/Users/davidusa/REPOS/Article_Finder_v3_2_3/data/pdfs/Daylighting-Bias_and_Biophilia_Quantifying_the_Imp.pdf,/Users/davidusa/REPOS/Article_Finder_v3_2_3/data/pdfs/Daylighting-Bias_and_Biophilia_Quantifying_the_Imp.pdf,completed_pdf_no_claims,2026-02-14T11:57:28.604497+00:00,likely_non_tabular_or_table_unreadable,yes
zotero:4AI9T96U,,Architecture Psychology,2022,,/Users/davidusa/REPOS/Article_Finder_v3_2_3/data/pdfs/Architecture_Psychology.pdf,/Users/davidusa/REPOS/Article_Finder_v3_2_3/data/pdfs/Architecture_Psychology.pdf,completed_pdf_no_claims,2026-02-14T11:57:28.604497+00:00,likely_non_tabular_or_table_unreadable,yes
doi:10.1016/j.foar.2021.07.006,10.1016/j.foar.2021.07.006,"Biophilic design in architecture and its contributions to health, well-being, and sustainability: A critical review",2022,,/Users/davidusa/REPOS/Article_Finder_v3_2_3/data/pdfs/10.1016_j.foar.2021.07.006.pdf,/Users/davidusa/REPOS/Article_Finder_v3_2_3/data/pdfs/10.1016_j.foar.2021.07.006.pdf,completed_pdf_no_claims,2026-02-14T11:57:28.604497+00:00,likely_synthesis_non_tabular,yes
doi:10.3390/en15124477,10.3390/en15124477,"Effect of Color Temperature and Illuminance on Psychology, Physiology, and Productivity: An Experimental Study",2022,,/Users/davidusa/REPOS/Article_Finder_v3_2_3/data/pdfs/10.3390_en15124477.pdf,/Users/davidusa/REPOS/Article_Finder_v3_2_3/data/pdfs/10.3390_en15124477.pdf,completed_pdf_no_claims,2026-02-14T11:57:28.604497+00:00,likely_non_tabular_or_table_unreadable,yes
doi:10.3758/s13423-011-0182-x,10.3758/s13423-011-0182-x,Active and passive contributions to spatial learning,2012,,/Users/davidusa/REPOS/Article_Finder_v3_2_3/data/pdfs/10.3758_s13423-011-0182-x.pdf,/Users/davidusa/REPOS/Article_Finder_v3_2_3/data/pdfs/10.3758_s13423-011-0182-x.pdf,completed_pdf_no_claims,2026-02-15T00:01:47.409458+00:00,likely_non_tabular_or_table_unreadable,yes
doi:10.1016/j.cub.2013.07.004,10.1016/j.cub.2013.07.004,A Shared Representation of the Space Near Oneself and Others in the Human Premotor Cortex,2013,,/Users/davidusa/REPOS/Article_Finder_v3_2_3/data/pdfs/10.1016_j.cub.2013.07.004.pdf,/Users/davidusa/REPOS/Article_Finder_v3_2_3/data/pdfs/10.1016_j.cub.2013.07.004.pdf,completed_pdf_no_claims,2026-02-14T11:57:28.604497+00:00,likely_non_tabular_or_table_unreadable,yes
zotero:ILIVNZ59,,Urban form and wayfinding: Review of cognitive and spatial knowledge for individuals’ navigation,2016,,/Users/davidusa/REPOS/Article_Finder_v3_2_3/data/pdfs/Urban_form_and_wayfinding_Review_of_cognitive_and_.pdf,/Users/davidusa/REPOS/Article_Finder_v3_2_3/data/pdfs/Urban_form_and_wayfinding_Review_of_cognitive_and_.pdf,completed_pdf_no_claims,2026-02-14T11:57:28.604497+00:00,likely_synthesis_non_tabular,yes
doi:10.1080/00038628.2020.1749980,10.1080/00038628.2020.1749980,A critical review on the impact of built environment on users’ measured brain activity,2021,,/Users/davidusa/REPOS/Article_Finder_v3_2_3/data/pdfs/10.1080_00038628.2020.1749980.pdf,/Users/davidusa/REPOS/Article_Finder_v3_2_3/data/pdfs/10.1080_00038628.2020.1749980.pdf,completed_pdf_no_claims,2026-02-14T11:57:28.604497+00:00,likely_synthesis_non_tabular,yes
doi:10.1177/001391657684003,10.1177/001391657684003,Spatial and Social Aspects of Crowding Perception,1976,,/Users/davidusa/REPOS/Article_Finder_v3_2_3/data/pdfs/10.1177_001391657684003.pdf,/Users/davidusa/REPOS/Article_Finder_v3_2_3/data/pdfs/10.1177_001391657684003.pdf,completed_pdf_no_claims,2026-02-15T00:04:17.638331+00:00,likely_non_tabular_or_table_unreadable,yes
doi:10.7454/proust.v3i1.81,10.7454/proust.v3i1.81,"Neuroscience, Wellbeing, and Urban Design: Our Universal Attraction to Vitality",2020,,/Users/davidusa/REPOS/Article_Finder_v3_2_3/data/pdfs/10.7454_proust.v3i1.81.pdf,/Users/davidusa/REPOS/Article_Finder_v3_2_3/data/pdfs/10.7454_proust.v3i1.81.pdf,completed_pdf_no_claims,2026-02-15T00:04:20.387139+00:00,likely_non_tabular_or_table_unreadable,yes
doi:10.1080/01944367508977691,10.1080/01944367508977691,Crowding Studies and Urban Life: A Critical Review,1975,,/Users/davidusa/REPOS/Article_Finder_v3_2_3/data/pdfs/10.1080_01944367508977691.pdf,/Users/davidusa/REPOS/Article_Finder_v3_2_3/data/pdfs/10.1080_01944367508977691.pdf,completed_pdf_no_claims,2026-02-14T11:57:28.604497+00:00,likely_synthesis_non_tabular,yes
doi:10.1080/00038628.2020.1777386,10.1080/00038628.2020.1777386,Human wayfinding behaviour and metrics in complex environments: a systematic literature review,2021,,/Users/davidusa/REPOS/Article_Finder_v3_2_3/data/pdfs/10.1080_00038628.2020.1777386.pdf,/Users/davidusa/REPOS/Article_Finder_v3_2_3/data/pdfs/10.1080_00038628.2020.1777386.pdf,completed_pdf_no_claims,2026-02-14T11:57:28.604497+00:00,likely_synthesis_non_tabular,yes
doi:10.1007/s00530-024-01514-6,10.1007/s00530-024-01514-6,Landscape visual evaluation and place attachment in historical and cultural districts: a study based on semantic differential scale and eye tracking experimental methods,2024,,/Users/davidusa/REPOS/Article_Finder_v3_2_3/data/pdfs/10.1007_s00530-024-01514-6.pdf,/Users/davidusa/REPOS/Article_Finder_v3_2_3/data/pdfs/10.1007_s00530-024-01514-6.pdf,completed_pdf_no_claims,2026-02-14T11:57:28.604497+00:00,likely_non_tabular_or_table_unreadable,yes
doi:10.1007/3-540-45004-1_7,10.1007/3-540-45004-1_7,Cognition Meets Le Corbusier — Cognitive Principles of Architectural Design,2003,,/Users/davidusa/REPOS/Article_Finder_v3_2_3/data/pdfs/10.1007_3-540-45004-1_7.pdf,/Users/davidusa/REPOS/Article_Finder_v3_2_3/data/pdfs/10.1007_3-540-45004-1_7.pdf,completed_pdf_no_claims,2026-02-15T00:06:57.187755+00:00,likely_non_tabular_or_table_unreadable,yes
doi:10.1088/1755-1315/738/1/012028,10.1088/1755-1315/738/1/012028,The effect of insufficient artificial lighting on workers’ moods and physiology: preliminary research,2021,,/Users/davidusa/REPOS/Article_Finder_v3_2_3/data/pdfs/10.1088_1755-1315_738_1_012028.pdf,/Users/davidusa/REPOS/Article_Finder_v3_2_3/data/pdfs/10.1088_1755-1315_738_1_012028.pdf,completed_pdf_no_claims,2026-02-14T11:57:28.604497+00:00,likely_non_tabular_or_table_unreadable,yes
doi:10.48550/arxiv.2307.10969,10.48550/arxiv.2307.10969,Assessing the Effects of Illuminance and Correlated Color Temperature on Emotional Responses and Lighting Preferences Using Virtual Reality,2023,,/Users/davidusa/REPOS/Article_Finder_v3_2_3/data/pdfs/10.48550_arxiv.2307.10969.pdf,/Users/davidusa/REPOS/Article_Finder_v3_2_3/data/pdfs/10.48550_arxiv.2307.10969.pdf,completed_pdf_no_claims,2026-02-14T11:57:28.604497+00:00,likely_non_tabular_or_table_unreadable,yes
doi:10.1089/acm.2004.10.s-71,10.1089/acm.2004.10.s-71,Healing Spaces: Elements of Environmental Design That Make an Impact on Health,2004,,/Users/davidusa/REPOS/Article_Finder_v3_2_3/data/pdfs/10.1089_acm.2004.10.s-71.pdf,/Users/davidusa/REPOS/Article_Finder_v3_2_3/data/pdfs/10.1089_acm.2004.10.s-71.pdf,completed_pdf_no_claims,2026-02-15T00:08:19.997575+00:00,likely_non_tabular_or_table_unreadable,yes
doi:10.1109/jproc.2013.2248691,10.1109/jproc.2013.2248691,Haptic Perception of Material Properties and Implications for Applications,2013,,/Users/davidusa/REPOS/Article_Finder_v3_2_3/data/pdfs/10.1109_jproc.2013.2248691.pdf,/Users/davidusa/REPOS/Article_Finder_v3_2_3/data/pdfs/10.1109_jproc.2013.2248691.pdf,completed_pdf_no_claims,2026-02-14T12:12:57.079856+00:00,likely_non_tabular_or_table_unreadable,yes
doi:10.1162/104648801753168765,10.1162/104648801753168765,Corporeal Experience: A Haptic Way of Knowing,2001,,/Users/davidusa/REPOS/Article_Finder_v3_2_3/data/pdfs/10.1162_104648801753168765.pdf,/Users/davidusa/REPOS/Article_Finder_v3_2_3/data/pdfs/10.1162_104648801753168765.pdf,completed_pdf_no_claims,2026-02-15T00:08:23.221006+00:00,likely_non_tabular_or_table_unreadable,yes
doi:10.1080/14649365.2011.564733,10.1080/14649365.2011.564733,"More-than visual approaches to architecture. Vision, touch, technique",2011,,/Users/davidusa/REPOS/Article_Finder_v3_2_3/data/pdfs/10.1080_14649365.2011.564733.pdf,/Users/davidusa/REPOS/Article_Finder_v3_2_3/data/pdfs/10.1080_14649365.2011.564733.pdf,completed_pdf_no_claims,2026-02-15T00:08:27.060193+00:00,likely_non_tabular_or_table_unreadable,yes
doi:10.1017/s0140525x00024286,10.1017/s0140525x00024286,Real space and represented space: Cross-cultural perspectives,1989,,/Users/davidusa/REPOS/Article_Finder_v3_2_3/data/pdfs/10.1017_s0140525x00024286.pdf,/Users/davidusa/REPOS/Article_Finder_v3_2_3/data/pdfs/10.1017_s0140525x00024286.pdf,completed_pdf_no_claims,2026-02-14T12:12:57.079856+00:00,likely_non_tabular_or_table_unreadable,yes
doi:10.1088/1755-1315/1320/1/012021,10.1088/1755-1315/1320/1/012021,Light and Emotional Architecture: An Embodied Experience,2024,,/Users/davidusa/REPOS/Article_Finder_v3_2_3/data/pdfs/10.1088_1755-1315_1320_1_012021.pdf,/Users/davidusa/REPOS/Article_Finder_v3_2_3/data/pdfs/10.1088_1755-1315_1320_1_012021.pdf,completed_pdf_no_claims,2026-02-14T12:12:57.079856+00:00,likely_non_tabular_or_table_unreadable,yes
doi:10.1111/j.1749-6632.1998.tb09546.x,10.1111/j.1749-6632.1998.tb09546.x,"Stress, Adaptation, and Disease: Allostasis and Allostatic Load",1998,,/Users/davidusa/REPOS/Article_Finder_v3_2_3/data/pdfs/10.1111_j.1749-6632.1998.tb09546.x.pdf,/Users/davidusa/REPOS/Article_Finder_v3_2_3/data/pdfs/10.1111_j.1749-6632.1998.tb09546.x.pdf,completed_pdf_no_claims,2026-02-14T12:12:57.079856+00:00,likely_non_tabular_or_table_unreadable,yes
doi:10.1353/spc.2021.a850968,10.1353/spc.2021.a850968,Space as situated analysis: Using embodied concepts to engage social dimensions,2021,,/Users/davidusa/REPOS/Article_Finder_v3_2_3/data/pdfs/10.1353_spc.2021.a850968.pdf,/Users/davidusa/REPOS/Article_Finder_v3_2_3/data/pdfs/10.1353_spc.2021.a850968.pdf,completed_pdf_no_claims,2026-02-14T12:12:57.079856+00:00,likely_non_tabular_or_table_unreadable,yes
doi:10.1073/pnas.0901639106,10.1073/pnas.0901639106,"Niches, models, and climate change: Assessing the assumptions and uncertainties",2009,,/Users/davidusa/REPOS/Article_Finder_v3_2_3/data/pdfs/10.1073_pnas.0901639106.pdf,/Users/davidusa/REPOS/Article_Finder_v3_2_3/data/pdfs/10.1073_pnas.0901639106.pdf,completed_pdf_no_claims,2026-02-14T12:12:57.079856+00:00,likely_deep_theory_or_conceptual,yes
zotero:IM8R9VRM,,Role of Store Atmospherics on Customer Experience,,,/Users/davidusa/REPOS/Article_Finder_v3_2_3/data/pdfs/Role_of_Store_Atmospherics_on_Customer_Experience.pdf,/Users/davidusa/REPOS/Article_Finder_v3_2_3/data/pdfs/Role_of_Store_Atmospherics_on_Customer_Experience.pdf,completed_pdf_no_claims,2026-02-14T12:12:57.079856+00:00,likely_non_tabular_or_table_unreadable,yes
doi:10.1177/1477153510378150,10.1177/1477153510378150,Effects of dynamic lighting on office workers: First results of a field study with monthly alternating settings,2010,,/Users/davidusa/REPOS/Article_Finder_v3_2_3/data/pdfs/10.1177_1477153510378150.pdf,/Users/davidusa/REPOS/Article_Finder_v3_2_3/data/pdfs/10.1177_1477153510378150.pdf,completed_pdf_no_claims,2026-02-14T12:12:57.079856+00:00,likely_non_tabular_or_table_unreadable,yes
doi:10.3389/fpsyg.2015.00368,10.3389/fpsyg.2015.00368,Color and psychological functioning: a review of theoretical and empirical work,2015,,/Users/davidusa/REPOS/Article_Finder_v3_2_3/data/pdfs/10.3389_fpsyg.2015.00368.pdf,/Users/davidusa/REPOS/Article_Finder_v3_2_3/data/pdfs/10.3389_fpsyg.2015.00368.pdf,completed_pdf_no_claims,2026-02-14T12:12:57.079856+00:00,likely_deep_theory_or_conceptual,yes
doi:10.1177/0022022117698039,10.1177/0022022117698039,Preferred Interpersonal Distances: A Global Comparison,2017,,/Users/davidusa/REPOS/Article_Finder_v3_2_3/data/pdfs/10.1177_0022022117698039.pdf,/Users/davidusa/REPOS/Article_Finder_v3_2_3/data/pdfs/10.1177_0022022117698039.pdf,completed_pdf_no_claims,2026-02-15T00:11:18.370057+00:00,likely_non_tabular_or_table_unreadable,yes
doi:10.1007/s11229-021-03156-x,10.1007/s11229-021-03156-x,"Making imagination even more embodied: imagination, constraint and epistemic relevance",2021,,/Users/davidusa/REPOS/Article_Finder_v3_2_3/data/pdfs/10.1007_s11229-021-03156-x.pdf,/Users/davidusa/REPOS/Article_Finder_v3_2_3/data/pdfs/10.1007_s11229-021-03156-x.pdf,completed_pdf_no_claims,2026-02-14T12:12:57.079856+00:00,likely_non_tabular_or_table_unreadable,yes
doi:10.3389/neuro.01.029.2009,10.3389/neuro.01.029.2009,Inducing illusory ownership of a virtual body,2009,,/Users/davidusa/REPOS/Article_Finder_v3_2_3/data/pdfs/10.3389_neuro.01.029.2009.pdf,/Users/davidusa/REPOS/Article_Finder_v3_2_3/data/pdfs/10.3389_neuro.01.029.2009.pdf,completed_pdf_no_claims,2026-02-14T12:12:57.079856+00:00,likely_non_tabular_or_table_unreadable,yes
doi:10.1037/tps0000037,10.1037/tps0000037,Drawing to learn: How producing graphical representations enhances scientific thinking.,2015,,/Users/davidusa/REPOS/Article_Finder_v3_2_3/data/pdfs/10.1037_tps0000037.pdf,/Users/davidusa/REPOS/Article_Finder_v3_2_3/data/pdfs/10.1037_tps0000037.pdf,completed_pdf_no_claims,2026-02-14T12:12:57.079856+00:00,likely_non_tabular_or_table_unreadable,yes
doi:10.1109/tse.2002.1027801,10.1109/tse.2002.1027801,CTTE: support for developing and analyzing task models for interactive system design,2002,,/Users/davidusa/REPOS/Article_Finder_v3_2_3/data/pdfs/10.1109_tse.2002.1027801.pdf,/Users/davidusa/REPOS/Article_Finder_v3_2_3/data/pdfs/10.1109_tse.2002.1027801.pdf,completed_pdf_no_claims,2026-02-14T12:12:57.079856+00:00,likely_deep_theory_or_conceptual,yes
doi:10.1002/ad.2031,10.1002/ad.2031,Advancing Social Functionality Via Agent‐Based Parametric Semiology,2016,,/Users/davidusa/REPOS/Article_Finder_v3_2_3/data/pdfs/10.1002_ad.2031.pdf,/Users/davidusa/REPOS/Article_Finder_v3_2_3/data/pdfs/10.1002_ad.2031.pdf,completed_pdf_no_claims,2026-02-14T12:12:57.079856+00:00,likely_non_tabular_or_table_unreadable,yes
doi:10.1162/pres.1997.6.6.603,10.1162/pres.1997.6.6.603,A Framework for Immersive Virtual Environments (FIVE): Speculations on the Role of Presence in Virtual Environments,1997,,/Users/davidusa/REPOS/Article_Finder_v3_2_3/data/pdfs/10.1162_pres.1997.6.6.603.pdf,/Users/davidusa/REPOS/Article_Finder_v3_2_3/data/pdfs/10.1162_pres.1997.6.6.603.pdf,completed_pdf_no_claims,2026-02-14T12:12:57.079856+00:00,likely_deep_theory_or_conceptual,yes
doi:10.1016/j.ufug.2008.01.001,10.1016/j.ufug.2008.01.001,The perceived restorativeness of gardens – Assessing the restorativeness of a mixed built and natural scene type,2008,,/Users/davidusa/REPOS/Article_Finder_v3_2_3/data/pdfs/10.1016_j.ufug.2008.01.001.pdf,/Users/davidusa/REPOS/Article_Finder_v3_2_3/data/pdfs/10.1016_j.ufug.2008.01.001.pdf,completed_pdf_no_claims,2026-02-15T00:12:36.914860+00:00,likely_non_tabular_or_table_unreadable,yes
doi:10.1007/s40572-018-0209-9,10.1007/s40572-018-0209-9,The Effects of Air Pollution on the Brain: a Review of Studies Interfacing Environmental Epidemiology and Neuroimaging,2018,,/Users/davidusa/REPOS/Article_Finder_v3_2_3/data/pdfs/10.1007_s40572-018-0209-9.pdf,/Users/davidusa/REPOS/Article_Finder_v3_2_3/data/pdfs/10.1007_s40572-018-0209-9.pdf,completed_pdf_no_claims,2026-02-14T12:12:57.079856+00:00,likely_synthesis_non_tabular,yes
doi:10.1177/0013916514568556,10.1177/0013916514568556,"Restoration in Urban Spaces: Nature Views From Home, Greenways, and Public Parks",2016,,/Users/davidusa/REPOS/Article_Finder_v3_2_3/data/pdfs/10.1177_0013916514568556.pdf,/Users/davidusa/REPOS/Article_Finder_v3_2_3/data/pdfs/10.1177_0013916514568556.pdf,completed_pdf_no_claims,2026-02-14T12:12:57.079856+00:00,likely_non_tabular_or_table_unreadable,yes
doi:10.7551/mitpress/8029.003.0061,10.7551/mitpress/8029.003.0061,Reconsolidation: A Possible Bridge between Cognitive and Neuroscientific Views of Memory,2009,,/Users/davidusa/REPOS/Article_Finder_v3_2_3/data/pdfs/10.7551_mitpress_8029.003.0061.pdf,/Users/davidusa/REPOS/Article_Finder_v3_2_3/data/pdfs/10.7551_mitpress_8029.003.0061.pdf,completed_pdf_no_claims,2026-02-14T12:12:57.079856+00:00,likely_non_tabular_or_table_unreadable,yes
doi:10.1016/j.jenvp.2021.101676,10.1016/j.jenvp.2021.101676,Psychological responses to buildings and natural landscapes,2021,,/Users/davidusa/REPOS/Article_Finder_v3_2_3/data/pdfs/10.1016_j.jenvp.2021.101676.pdf,/Users/davidusa/REPOS/Article_Finder_v3_2_3/data/pdfs/10.1016_j.jenvp.2021.101676.pdf,completed_pdf_no_claims,2026-02-14T12:12:57.079856+00:00,likely_non_tabular_or_table_unreadable,yes
doi:10.1016/j.jcps.2013.12.007,10.1016/j.jcps.2013.12.007,Incandescent affect: Turning on the hot emotional system with bright light,2014,,/Users/davidusa/REPOS/Article_Finder_v3_2_3/data/pdfs/10.1016_j.jcps.2013.12.007.pdf,/Users/davidusa/REPOS/Article_Finder_v3_2_3/data/pdfs/10.1016_j.jcps.2013.12.007.pdf,completed_pdf_no_claims,2026-02-14T12:12:57.079856+00:00,likely_non_tabular_or_table_unreadable,yes
doi:10.1016/j.nbsj.2023.100106,10.1016/j.nbsj.2023.100106,Nature-based solutions and buildings: A review of the literature and an agenda for renaturing our cities one building at a time,2024,,/Users/davidusa/REPOS/Article_Finder_v3_2_3/data/pdfs/10.1016_j.nbsj.2023.100106.pdf,/Users/davidusa/REPOS/Article_Finder_v3_2_3/data/pdfs/10.1016_j.nbsj.2023.100106.pdf,completed_pdf_no_claims,2026-02-14T12:12:57.079856+00:00,likely_synthesis_non_tabular,yes
doi:10.1177/14771535211021064,10.1177/14771535211021064,Impacts of home lighting on human health,2021,,/Users/davidusa/REPOS/Article_Finder_v3_2_3/data/pdfs/10.1177_14771535211021064.pdf,/Users/davidusa/REPOS/Article_Finder_v3_2_3/data/pdfs/10.1177_14771535211021064.pdf,completed_pdf_no_claims,2026-02-14T12:12:57.079856+00:00,likely_non_tabular_or_table_unreadable,yes
zotero:WK3NHQUK,,Detrimental Effects Of White Valued Walls In Classrooms,,,/Users/davidusa/REPOS/Article_Finder_v3_2_3/data/pdfs/Detrimental_Effects_Of_White_Valued_Walls_In_Class.pdf,/Users/davidusa/REPOS/Article_Finder_v3_2_3/data/pdfs/Detrimental_Effects_Of_White_Valued_Walls_In_Class.pdf,completed_pdf_no_claims,2026-02-14T12:12:57.079856+00:00,likely_non_tabular_or_table_unreadable,yes
doi:10.3390/su16208880,10.3390/su16208880,Cultural Sensitivity and Social Well-Being in Embassy Architecture: Educational Approaches and Design Strategies,2024,,/Users/davidusa/REPOS/Article_Finder_v3_2_3/data/pdfs/10.3390_su16208880.pdf,/Users/davidusa/REPOS/Article_Finder_v3_2_3/data/pdfs/10.3390_su16208880.pdf,completed_pdf_no_claims,2026-02-15T00:12:38.545243+00:00,likely_non_tabular_or_table_unreadable,yes
doi:10.3934/environsci.2015.4.950,10.3934/environsci.2015.4.950,Biophilic architecture: a review of the rationale and outcomes,2015,,/Users/davidusa/REPOS/Article_Finder_v3_2_3/data/pdfs/10.3934_environsci.2015.4.950.pdf,/Users/davidusa/REPOS/Article_Finder_v3_2_3/data/pdfs/10.3934_environsci.2015.4.950.pdf,completed_pdf_no_claims,2026-02-14T12:12:57.079856+00:00,likely_synthesis_non_tabular,yes
doi:10.1002/wcs.1542,10.1002/wcs.1542,Wilding the predictive brain,2020,,/Users/davidusa/REPOS/Article_Finder_v3_2_3/data/pdfs/10.1002_wcs.1542.pdf,/Users/davidusa/REPOS/Article_Finder_v3_2_3/data/pdfs/10.1002_wcs.1542.pdf,completed_pdf_no_claims,2026-02-14T12:30:20.600281+00:00,likely_non_tabular_or_table_unreadable,yes
doi:10.1037/0033-2909.132.1.73,10.1037/0033-2909.132.1.73,Visual complexity: A review.,2006,,/Users/davidusa/REPOS/Article_Finder_v3_2_3/data/pdfs/10.1037_0033-2909.132.1.73.pdf,/Users/davidusa/REPOS/Article_Finder_v3_2_3/data/pdfs/10.1037_0033-2909.132.1.73.pdf,completed_pdf_no_claims,2026-02-14T12:30:20.600281+00:00,likely_synthesis_non_tabular,yes
doi:10.1016/j.jenvp.2023.102197,10.1016/j.jenvp.2023.102197,The curvature effect: Approach-avoidance tendencies in response to interior design stimuli,2024,,/Users/davidusa/REPOS/Article_Finder_v3_2_3/data/pdfs/10.1016_j.jenvp.2023.102197.pdf,/Users/davidusa/REPOS/Article_Finder_v3_2_3/data/pdfs/10.1016_j.jenvp.2023.102197.pdf,completed_pdf_no_claims,2026-02-14T12:30:20.600281+00:00,likely_non_tabular_or_table_unreadable,yes
doi:10.3389/fphys.2020.00823,10.3389/fphys.2020.00823,Influences of Sensor Placement Site and Subject Posture on Measurement of Respiratory Frequency Using Triaxial Accelerometers,2020,,/Users/davidusa/REPOS/Article_Finder_v3_2_3/data/pdfs/10.3389_fphys.2020.00823.pdf,/Users/davidusa/REPOS/Article_Finder_v3_2_3/data/pdfs/10.3389_fphys.2020.00823.pdf,completed_pdf_no_claims,2026-02-14T12:30:20.600281+00:00,likely_non_tabular_or_table_unreadable,yes
doi:10.1111/nyas.14919,10.1111/nyas.14919,How universal is preference for visual curvature? A systematic review and meta‐analysis,2022,,/Users/davidusa/REPOS/Article_Finder_v3_2_3/data/pdfs/10.1111_nyas.14919.pdf,/Users/davidusa/REPOS/Article_Finder_v3_2_3/data/pdfs/10.1111_nyas.14919.pdf,completed_pdf_no_claims,2026-02-14T12:30:20.600281+00:00,likely_synthesis_non_tabular,yes
doi:10.1111/j.0956-7976.2005.00796.x,10.1111/j.0956-7976.2005.00796.x,"Visual Recognition: As Soon as You Know It Is There, You Know What It Is",2005,,/Users/davidusa/REPOS/Article_Finder_v3_2_3/data/pdfs/10.1111_j.0956-7976.2005.00796.x.pdf,/Users/davidusa/REPOS/Article_Finder_v3_2_3/data/pdfs/10.1111_j.0956-7976.2005.00796.x.pdf,completed_pdf_no_claims,2026-02-14T12:30:20.600281+00:00,likely_non_tabular_or_table_unreadable,yes
doi:10.1016/j.actpsy.2020.103218,10.1016/j.actpsy.2020.103218,The motor-related brain activity that supports joint action: A review,2021,,/Users/davidusa/REPOS/Article_Finder_v3_2_3/data/pdfs/10.1016_j.actpsy.2020.103218.pdf,/Users/davidusa/REPOS/Article_Finder_v3_2_3/data/pdfs/10.1016_j.actpsy.2020.103218.pdf,completed_pdf_no_claims,2026-02-14T12:30:20.600281+00:00,likely_synthesis_non_tabular,yes
doi:10.1080/17439760.2018.1484940,10.1080/17439760.2018.1484940,The development of the Awe Experience Scale (AWE-S): A multifactorial measure for a complex emotion,2019,,/Users/davidusa/REPOS/Article_Finder_v3_2_3/data/pdfs/10.1080_17439760.2018.1484940.pdf,/Users/davidusa/REPOS/Article_Finder_v3_2_3/data/pdfs/10.1080_17439760.2018.1484940.pdf,completed_pdf_no_claims,2026-02-14T12:30:20.600281+00:00,likely_non_tabular_or_table_unreadable,yes
zotero:4KRSGGLM,,"Social furniture by: EOOS: Österreichischer Pavillon, 15. internationale Architektur-Biennale - La Biennale di Venezia, 2016",2016,,/Users/davidusa/REPOS/Article_Finder_v3_2_3/data/pdfs/Social_furniture_by_EOOS_Österreichischer_Pavillon.pdf,/Users/davidusa/REPOS/Article_Finder_v3_2_3/data/pdfs/Social_furniture_by_EOOS_Österreichischer_Pavillon.pdf,completed_pdf_no_claims,2026-02-14T12:30:20.600281+00:00,likely_non_tabular_or_table_unreadable,yes
doi:10.1016/j.healthplace.2012.01.012,10.1016/j.healthplace.2012.01.012,Sense of place and place identity: Review of neuroscientific evidence,2012,,/Users/davidusa/REPOS/Article_Finder_v3_2_3/data/pdfs/10.1016_j.healthplace.2012.01.012.pdf,/Users/davidusa/REPOS/Article_Finder_v3_2_3/data/pdfs/10.1016_j.healthplace.2012.01.012.pdf,completed_pdf_no_claims,2026-02-14T12:30:20.600281+00:00,likely_synthesis_non_tabular,yes
doi:10.3390/jfmk6020033,10.3390/jfmk6020033,The Influence of Music Preference on Exercise Responses and Performance: A Review,2021,,/Users/davidusa/REPOS/Article_Finder_v3_2_3/data/pdfs/10.3390_jfmk6020033.pdf,/Users/davidusa/REPOS/Article_Finder_v3_2_3/data/pdfs/10.3390_jfmk6020033.pdf,completed_pdf_no_claims,2026-02-14T12:30:20.600281+00:00,likely_synthesis_non_tabular,yes
doi:10.3389/fpsyg.2022.890362,10.3389/fpsyg.2022.890362,Iconic Mathematics: Math Designed to Suit the Mind,2022,,/Users/davidusa/REPOS/Article_Finder_v3_2_3/data/pdfs/10.3389_fpsyg.2022.890362.pdf,/Users/davidusa/REPOS/Article_Finder_v3_2_3/data/pdfs/10.3389_fpsyg.2022.890362.pdf,completed_pdf_no_claims,2026-02-14T12:30:20.600281+00:00,likely_non_tabular_or_table_unreadable,yes
doi:10.1016/j.isci.2020.101060,10.1016/j.isci.2020.101060,"The Neural Representation of Visually Evoked Emotion Is High-Dimensional, Categorical, and Distributed across Transmodal Brain Regions",2020,,/Users/davidusa/REPOS/Article_Finder_v3_2_3/data/pdfs/10.1016_j.isci.2020.101060.pdf,/Users/davidusa/REPOS/Article_Finder_v3_2_3/data/pdfs/10.1016_j.isci.2020.101060.pdf,completed_pdf_no_claims,2026-02-14T12:30:20.600281+00:00,likely_non_tabular_or_table_unreadable,yes
doi:10.1177/2158244016630591,10.1177/2158244016630591,Emotional Responses to Multisensory Environmental Stimuli: A Conceptual Framework and Literature Review,2016,,/Users/davidusa/REPOS/Article_Finder_v3_2_3/data/pdfs/10.1177_2158244016630591.pdf,/Users/davidusa/REPOS/Article_Finder_v3_2_3/data/pdfs/10.1177_2158244016630591.pdf,completed_pdf_no_claims,2026-02-14T12:30:20.600281+00:00,likely_deep_theory_or_conceptual,yes
doi:10.1002/ad.2634,10.1002/ad.2634,"Disembodied Worlds – Body, Brain and Architecture in the Digital Age: A Conversation with Psychobiologist Vittorio Gallese",2020,,/Users/davidusa/REPOS/Article_Finder_v3_2_3/data/pdfs/10.1002_ad.2634.pdf,/Users/davidusa/REPOS/Article_Finder_v3_2_3/data/pdfs/10.1002_ad.2634.pdf,completed_pdf_no_claims,2026-02-14T12:30:20.600281+00:00,likely_non_tabular_or_table_unreadable,yes
doi:10.3389/fpsyg.2017.02351,10.3389/fpsyg.2017.02351,Designing Awe in Virtual Reality: An Experimental Study,2018,,/Users/davidusa/REPOS/Article_Finder_v3_2_3/data/pdfs/10.3389_fpsyg.2017.02351.pdf,/Users/davidusa/REPOS/Article_Finder_v3_2_3/data/pdfs/10.3389_fpsyg.2017.02351.pdf,completed_pdf_no_claims,2026-02-14T12:30:20.600281+00:00,likely_non_tabular_or_table_unreadable,yes
doi:10.1016/j.neubiorev.2016.07.032,10.1016/j.neubiorev.2016.07.032,Affordance processing in segregated parieto-frontal dorsal stream sub-pathways,2016,,/Users/davidusa/REPOS/Article_Finder_v3_2_3/data/pdfs/10.1016_j.neubiorev.2016.07.032.pdf,/Users/davidusa/REPOS/Article_Finder_v3_2_3/data/pdfs/10.1016_j.neubiorev.2016.07.032.pdf,completed_pdf_no_claims,2026-02-14T12:30:20.600281+00:00,likely_non_tabular_or_table_unreadable,yes
doi:10.1080/09593969.2021.1934074,10.1080/09593969.2021.1934074,A review of studies on virtual layout and atmospherics - potential applications to the fashion industry,2021,,/Users/davidusa/REPOS/Article_Finder_v3_2_3/data/pdfs/10.1080_09593969.2021.1934074.pdf,/Users/davidusa/REPOS/Article_Finder_v3_2_3/data/pdfs/10.1080_09593969.2021.1934074.pdf,completed_pdf_no_claims,2026-02-14T12:30:20.600281+00:00,likely_synthesis_non_tabular,yes
doi:10.3390/s18020401,10.3390/s18020401,A Brief Review of Facial Emotion Recognition Based on Visual Information,2018,,/Users/davidusa/REPOS/Article_Finder_v3_2_3/data/pdfs/10.3390_s18020401.pdf,/Users/davidusa/REPOS/Article_Finder_v3_2_3/data/pdfs/10.3390_s18020401.pdf,completed_pdf_no_claims,2026-02-14T12:36:58.230793+00:00,likely_synthesis_non_tabular,yes
doi:10.1145/2661334.2661380,10.1145/2661334.2661380,"""just let the cane hit it"": how the blind and sighted see navigation differently",2014,,/Users/davidusa/REPOS/Article_Finder_v3_2_3/data/pdfs/10.1145_2661334.2661380.pdf,/Users/davidusa/REPOS/Article_Finder_v3_2_3/data/pdfs/10.1145_2661334.2661380.pdf,completed_pdf_no_claims,2026-02-14T12:36:58.230793+00:00,likely_non_tabular_or_table_unreadable,yes
doi:10.1134/s0081543811080086,10.1134/s0081543811080086,Bending of a piecewise developable surface,2011,,/Users/davidusa/REPOS/Article_Finder_v3_2_3/data/pdfs/10.1134_s0081543811080086.pdf,/Users/davidusa/REPOS/Article_Finder_v3_2_3/data/pdfs/10.1134_s0081543811080086.pdf,completed_pdf_no_claims,2026-02-14T12:36:58.230793+00:00,likely_non_tabular_or_table_unreadable,yes
doi:10.1103/physrevlett.110.195901,10.1103/physrevlett.110.195901,Experiments on transformation thermodynamics: Molding the flow of heat,2013,,/Users/davidusa/REPOS/Article_Finder_v3_2_3/data/pdfs/10.1103_physrevlett.110.195901.pdf,/Users/davidusa/REPOS/Article_Finder_v3_2_3/data/pdfs/10.1103_physrevlett.110.195901.pdf,completed_pdf_no_claims,2026-02-14T12:36:58.230793+00:00,likely_non_tabular_or_table_unreadable,yes
doi:10.1088/0264-9381/26/18/185007,10.1088/0264-9381/26/18/185007,Effects of Space-Time Curvature on Spin-1/2 Particle Zitterbewegung,2009,,/Users/davidusa/REPOS/Article_Finder_v3_2_3/data/pdfs/10.1088_0264-9381_26_18_185007.pdf,/Users/davidusa/REPOS/Article_Finder_v3_2_3/data/pdfs/10.1088_0264-9381_26_18_185007.pdf,completed_pdf_no_claims,2026-02-14T12:36:58.230793+00:00,likely_non_tabular_or_table_unreadable,yes
zotero:AFAC4N3T,,A note on Coulomb collision operator in curvilinear coordinates,,,/Users/davidusa/REPOS/Article_Finder_v3_2_3/data/pdfs/A_note_on_Coulomb_collision_operator_in_curvilinea.pdf,/Users/davidusa/REPOS/Article_Finder_v3_2_3/data/pdfs/A_note_on_Coulomb_collision_operator_in_curvilinea.pdf,completed_pdf_no_claims,2026-02-14T12:36:58.230793+00:00,likely_non_tabular_or_table_unreadable,yes
doi:10.1037/aca0000504,10.1037/aca0000504,Visual perception of the built environment in virtual reality: A systematic characterization of human aesthetic experience in spaces with curved boundaries.,2024,,/Users/davidusa/REPOS/Article_Finder_v3_2_3/data/pdfs/10.1037_aca0000504.pdf,/Users/davidusa/REPOS/Article_Finder_v3_2_3/data/pdfs/10.1037_aca0000504.pdf,completed_pdf_no_claims,2026-02-14T12:36:58.230793+00:00,likely_non_tabular_or_table_unreadable,yes
doi:10.1016/j.ijhcs.2016.06.003,10.1016/j.ijhcs.2016.06.003,Preference versus performance: Investigating the dissociation between objective measures and subjective ratings of usability for schematic metro maps and intuitive theories of design,2017,,/Users/davidusa/REPOS/Article_Finder_v3_2_3/data/pdfs/10.1016_j.ijhcs.2016.06.003.pdf,/Users/davidusa/REPOS/Article_Finder_v3_2_3/data/pdfs/10.1016_j.ijhcs.2016.06.003.pdf,completed_pdf_no_claims,2026-02-14T12:36:58.230793+00:00,likely_non_tabular_or_table_unreadable,yes
zotero:YSW36L6P,,A NATURE IN THE SPACE DESIGN GUIDE FOR STRESS RELIEF THROUGH BIOPHILIC DESIGN,,,/Users/davidusa/REPOS/Article_Finder_v3_2_3/data/pdfs/A_NATURE_IN_THE_SPACE_DESIGN_GUIDE_FOR_STRESS_RELI.pdf,/Users/davidusa/REPOS/Article_Finder_v3_2_3/data/pdfs/A_NATURE_IN_THE_SPACE_DESIGN_GUIDE_FOR_STRESS_RELI.pdf,completed_pdf_no_claims,2026-02-14T12:36:58.230793+00:00,likely_non_tabular_or_table_unreadable,yes
zotero:R6UUXN4S,,E ects on roadside noise levels of sound absorptive materials in noise barriers,,,/Users/davidusa/REPOS/Article_Finder_v3_2_3/data/pdfs/E_ects_on_roadside_noise_levels_of_sound_absorptiv.pdf,/Users/davidusa/REPOS/Article_Finder_v3_2_3/data/pdfs/E_ects_on_roadside_noise_levels_of_sound_absorptiv.pdf,completed_pdf_no_claims,2026-02-14T12:36:58.230793+00:00,likely_non_tabular_or_table_unreadable,yes
zotero:U6RIH79T,,Exploration into formal aesthetics in design: (material) texture,,,/Users/davidusa/REPOS/Article_Finder_v3_2_3/data/pdfs/Exploration_into_formal_aesthetics_in_design_mater.pdf,/Users/davidusa/REPOS/Article_Finder_v3_2_3/data/pdfs/Exploration_into_formal_aesthetics_in_design_mater.pdf,completed_pdf_no_claims,2026-02-14T12:36:58.230793+00:00,likely_non_tabular_or_table_unreadable,yes
