title,authors,year,venue,doi,landing_url,pdf_url,method,manipulated_feature,outcomes,topic_tags
Impact of contour on aesthetic judgments and approach-avoidance decisions in architecture,"Vartanian, O.; Navarrete, G.; Chatterjee, A.; Fich, L.B.; et al.",2013,Proceedings of the National Academy of Sciences (PNAS),10.1073/pnas.1301227110,https://www.pnas.org/doi/abs/10.1073/pnas.1301227110,https://www.pnas.org/doi/pdf/10.1073/pnas.1301227110,fMRI + ratings (beauty/approach-avoidance),contour (curvilinear vs rectilinear) of interior architecture images,aesthetic judgment; approach/avoidance decisions; neural responses,geometry; contour; affect; decision-making
Architectural design and the brain: Effects of ceiling height and perceived enclosure on beauty judgments and approach-avoidance decisions,"Vartanian, O.; Navarrete, G.; Chatterjee, A.; Fich, L.B.; et al.",2015,Journal of Environmental Psychology,10.1016/j.jenvp.2014.11.006,https://www.sciencedirect.com/science/article/pii/S0272494414001030,https://neuroaesthetics.med.upenn.edu/assets/user-content/documents/publications/vartanian-navarrete-chatterjee-fich-gonzalez-mora-leder-modrono-nadal-rostrup-skov-2015-01.pdf,fMRI + ratings,ceiling height; enclosure (open vs enclosed) in interior images,beauty; approach/avoidance; neural responses,ceiling height; enclosure; affect; neuroaesthetics
Walking through architectural spaces: The impact of interior forms on human brain dynamics,"Banaei, M.; Hatami, J.; Yazdanfar, A.; Gramann, K.",2017,Frontiers in Human Neuroscience,10.3389/fnhum.2017.00477,https://www.frontiersin.org/journals/human-neuroscience/articles/10.3389/fnhum.2017.00477/full,https://www.frontiersin.org/journals/human-neuroscience/articles/10.3389/fnhum.2017.00477/pdf,mobile EEG during navigation,interior forms (architectural geometry while walking through spaces),EEG dynamics; brain responses during spatial experience,navigation; interior form; geometry; EEG
Affective response to architecture–investigating human reaction to spaces with different geometry,"Shemesh, A.; Talmon, R.; Karp, O.; Amir, I.; Grobman, Y.J.",2017,Architectural Science Review,10.1080/00038628.2016.1266597,https://www.tandfonline.com/doi/abs/10.1080/00038628.2016.1266597,https://www.researchgate.net/profile/Jacob-Grobman/publication/311806979_Affective_response_to_architecture_-_investigating_human_reaction_to_spaces_with_different_geometry/links/5f950138a6fdccfd7b7d62af/Affective-response-to-architecture-investigating-human-reaction-to-spaces-with-different-geometry.pdf,wireless EEG + affective ratings,space geometry (different geometries of spaces),affective response; physiological signals,geometry; affect; EEG
A neurocognitive study of the emotional impact of geometrical criteria of architectural space,"Shemesh, A.; Leisman, G.; Bar, M.; et al.",2021,Architectural Science Review,10.1080/00038628.2021.1940827,https://www.tandfonline.com/doi/abs/10.1080/00038628.2021.1940827,https://www.academia.edu/download/121625109/2021-Shemesh-A_20neurocognitive_20study_20of_20the_20emotional_20impact_20of_20geometrical_20criteria_20of_20architectural_20space.pdf,EEG and/or fMRI + ratings (study reports neurocognitive measures),"geometrical criteria of architectural space (e.g., curvature/geometry)",emotional impact; neurocognitive responses,geometry; emotion; neurocognition
EEG-based investigation of the impact of room size and window placement on cognitive performance,"Cruz-Garza, J.G.; Darfler, M.; Rounds, J.D.; Gao, E.; et al.",2022,Journal of Building Engineering,10.1016/j.jobe.2022.104552,https://www.sciencedirect.com/science/article/pii/S2352710222005538,https://arxiv.org/pdf/2102.03629,EEG during cognitive tasks in VR classroom,room size; window placement,cognitive performance; EEG features,room size; windows; cognition; EEG; VR
EEG-based investigation of the impact of classroom design on cognitive performance of students,"Cruz-Garza, J.G.; Darfler, M.; Rounds, J.D.; Gao, E.; et al.",2021,arXiv preprint,arXiv:2102.03629,https://arxiv.org/abs/2102.03629,https://arxiv.org/pdf/2102.03629,EEG + VR classroom; cognitive tasks,classroom design elements (incl. room dimensions/windows),EEG features; cognitive performance,classroom; VR; cognition; EEG
Using posterior EEG theta band to assess the effects of architectural designs on landmark recognition in an urban setting,"Rounds, J.D.; Cruz-Garza, J.G.; Kalantari, S.",2020,Frontiers in Human Neuroscience,10.3389/fnhum.2020.584385,https://www.frontiersin.org/journals/human-neuroscience/articles/10.3389/fnhum.2020.584385/full,https://www.frontiersin.org/journals/human-neuroscience/articles/10.3389/fnhum.2020.584385/pdf,EEG in urban landmark recognition task,architectural design characteristics of landmarks/streetscapes,landmark recognition; EEG theta; cognition,urban design; landmarks; cognition; EEG
Enhancing lighting design through the investigation of illuminance and correlated color temperature's effects on brain activity: An EEG-VR approach,"Mostafavi, A.; Cruz-Garza, J.G.; Kalantari, S.",2023,Journal of Building Engineering,10.1016/j.jobe.2023.107142,https://www.sciencedirect.com/science/article/pii/S2352710223009555,,EEG + VR,illuminance; correlated color temperature,brain activity (EEG); potentially comfort/cognition proxies,lighting; CCT; illuminance; EEG; VR
Lighting effects on visual and cognitive adaptation in multimedia classrooms: a multimodal neurophysiological study,"Wang, M.; Guo, N.; Liu, Y.; Fu, Y.; Zhou, X.",2025,Building and Environment,10.1016/j.buildenv.2025.112?? (check publisher page),https://www.sciencedirect.com/science/article/pii/S0360132325011576,https://papers.ssrn.com/sol3/Delivery.cfm?abstractid=5271450,multimodal neurophysiology (reported as multimodal),daylight vs artificial lighting in classrooms,visual load; attention; cognitive adaptation,lighting; classrooms; cognition; neurophysiology
Study on window size and indoor color of typical residential units based on EEG measurement and semantic differential method coupling analysis,"Zhang, Z.; Li, Z.; Xu, J.",2025,Energy and Buildings,10.1016/j.enbuild.2025.??? (check publisher page),https://www.sciencedirect.com/science/article/pii/S0378778825005857,,EEG + semantic differential ratings,window dimensions; indoor color,affective/semantic ratings; EEG correlates,windows; color; EEG; affect
Color matters: investigating stress recovery in VR-simulated interior environments using fNIRS and anxiety measures,"Dehan, J.; Wenan, L.; Xingkai, W.; Guobin, X.",2025,Building and Environment,10.1016/j.buildenv.2025.110819,https://www.sciencedirect.com/science/article/pii/S0360132325010819,https://livrepository.liverpool.ac.uk/3194227/1/1-s2.0-S0360132325010819-main.pdf,fNIRS + VR + self-report,wall color (stress recovery context),stress/anxiety measures; fNIRS signals,color; stress; fNIRS; VR
Cognitive efficiency in VR simulated natural indoor environments examined through EEG and affective responses,"Kim, S.",2025,Scientific Reports,10.1038/s41598-025-18629-z,https://www.nature.com/articles/s41598-025-18629-z,https://www.nature.com/articles/s41598-025-18629-z.pdf,EEG + VR + affective ratings,"natural indoor environment features (biophilic/naturalness, incl. materials/plants cues)",cognitive efficiency; affective responses; EEG,biophilic; naturalness; cognition; affect; EEG; VR
Enhancing cognitive performance and physiological benefit in workspaces through patterns of biophilic design: a restorative approach,"Zhang, P.; Yu, Z.; Hou, G.; Shu, P.; Bo, Y.; Shi, Y.; Nie, R.",2024,Buildings,10.3390/buildings14103293,https://www.mdpi.com/2075-5309/14/10/3293,https://www.mdpi.com/2075-5309/14/10/3293/pdf,cognitive task + fNIRS + subjective scales,biophilic design patterns (incl. natural materials/wood patterns),cognitive performance; physiological responses,biophilic; materials; cognition; fNIRS
Quantification of visual thermal perception changes in a wooden interior environment using physiological responses and immersive virtual environment,"Kim, S.; Yun, B.Y.; Choi, J.Y.; Kim, Y.U.; Kim, S.",2023,Building and Environment,10.1016/j.buildenv.2023.110447,https://www.sciencedirect.com/science/article/pii/S036013232300447X,,EEG + EDA/skin temp in immersive VR,wood application level in interior (visual material),thermal perception; physiological responses,materials; wood; perception; EEG; VR
Physiological effects of visual stimulation with full-scale wall images composed of vertically and horizontally arranged wooden elements,"Nakamura, M.; Ikei, H.; Miyazaki, Y.",2019,Journal of Wood Science,10.1186/s10086-019-1834-0,https://link.springer.com/article/10.1186/s10086-019-1834-0,https://link.springer.com/content/pdf/10.1186/s10086-019-1834-0.pdf,physiology + NIRS/EEG (per paper); visual stimulation,wooden wall patterns (vertical vs horizontal elements),physiological responses; potentially affect/relaxation,materials; wood; visual pattern; physiology
When Sound Helps or Hurts: Behavioral and EEG Evidence on the Dual Effects of Indoor Acoustic Environments on Office Work Performance,"Chong, D.; Zhu, W.; Liu, T.; Hou, H.; Zhang, Y.; Su, Y.",2025,Buildings,10.3390/buildings16010069,https://www.mdpi.com/2075-5309/16/1/69,https://www.mdpi.com/2075-5309/16/1/69/pdf,EEG + office task performance,acoustic intensity; sound type in office,work performance; EEG measures,acoustics; noise; cognition; EEG; office
Spatial perception of ceiling height and type variation in immersive virtual environments,"Cha, S.H.; Koo, C.; Kim, T.W.; Hong, T.",2019,Building and Environment,10.1016/j.buildenv.2019.106352,https://www.sciencedirect.com/science/article/pii/S0360132319304950,,VR + surveys (affective/spatial perception),ceiling height; ceiling type variations,spatial perception; affective response,ceiling height; VR; perception; affect
Electroencephalogram-based analysis of attention in void and solid architectural spaces,"Choi, T.H.; Ji, S.Y.; Jun, H.J.",2025,Journal of Asian Architecture and Building Engineering,10.1080/13467581.2025.2557018,https://www.tandfonline.com/doi/abs/10.1080/13467581.2025.2557018,https://www.tandfonline.com/doi/pdf/10.1080/13467581.2025.2557018,EEG,void vs solid architectural spaces,attention (EEG-based),spatial configuration; attention; EEG
Neurophysiological and Psychological Effects of Color and Ceiling Height in Learning Spaces: An EEG Study in Virtual Reality,"Kim, S.; Kim, N.",2025,SSRN preprint,SSRN:5162685,https://papers.ssrn.com/sol3/papers.cfm?abstract_id=5162685,https://papers.ssrn.com/sol3/Delivery.cfm?abstractid=5162685,EEG + VR + self-report,color; ceiling height in learning spaces,neurophysiology; psychological measures,color; ceiling height; learning; EEG; VR
Neural representations underlying psychological responses to natural and artificial features in indoor architecture,"Sztuka, I.M.; Becker, M.; Kühn, S.",2025,Journal of Environmental Psychology,10.1016/j.jenvp.2025.102? (check publisher page),https://www.sciencedirect.com/science/article/pii/S0272494425000362,,fMRI + ratings,natural vs artificial features in indoor architecture,psychological responses; neural representations,naturalness; materials; indoor; fMRI
Externally-induced meditative states: an exploratory fMRI study of architects' responses to contemplative architecture,"Bermudez, J.; Krizaj, D.; Lipschitz, D.L.; Bueler, C.E.; et al.",2017,Frontiers of Architectural Research,10.1016/j.foar.2017.01.004,https://www.sciencedirect.com/science/article/pii/S2095263517300055,,fMRI + self-report (architects),contemplative architecture photographs,meditative state indicators; neural correlates,contemplative spaces; affect; fMRI; individual differences (expertise)
Neural correlates of nature stimuli: an fMRI study,"Pati, D.; O'Boyle, M.; Amor, C.; Hou, J.; et al.",2014,Health Environments Research & Design Journal (HERD),10.1177/193758671400700202,https://journals.sagepub.com/doi/abs/10.1177/193758671400700202,https://www.researchgate.net/profile/Michael-Oboyle-2/publication/260271711_Neural_Correlates_of_Nature_Stimuli_An_fMRI_Study/links/5609a51708ae840a08d3c312/Neural-Correlates-of-Nature-Stimuli-An-fMRI-Study.pdf,fMRI,"nature stimuli in built settings (e.g., ceiling images)",neural correlates of nature exposure; affect/stress proxies,nature imagery; biophilia; affect; fMRI
